id,name,country,current_headshot_url,new_url
ind_virat_kohli,Virat Kohli,India,https://upload.wikimedia.org/wikipedia/commons/thumb/9/9b/Virat_Kohli_in_PMO_New_Delhi.jpg/120px-Virat_Kohli_in_PMO_New_Delhi.jpg,
ind_rohit_sharma,Rohit Sharma,India,https://upload.wikimedia.org/wikipedia/commons/thumb/1/1e/Prime_Minister_Of_Bharat_Shri_Narendra_Damodardas_Modi_with_Shri_Rohit_Gurunath_Sharma_%28Cropped%29.jpg/120px-Prime_Minister_Of_Bharat_Shri_Narendra_Damodardas_Modi_with_Shri_Rohit_Gurunath_Sharma_%28Cropped%29.jpg,
ind_ravindra_jadeja,Ravindra Jadeja,India,https://upload.wikimedia.org/wikipedia/commons/thumb/2/2c/PM_Shri_Narendra_Modi_with_Ravindra_Jadeja_%28Cropped%29.jpg/120px-PM_Shri_Narendra_Modi_with_Ravindra_Jadeja_%28Cropped%29.jpg,
sa_ab_de_villiers,AB de Villiers,South Africa,https://upload.wikimedia.org/wikipedia/commons/thumb/4/4c/AB_de_villiers_%28cropped%29.jpg/120px-AB_de_villiers_%28cropped%29.jpg,
aus_david_warner,David Warner,Australia,https://upload.wikimedia.org/wikipedia/commons/thumb/2/2c/DAVID_WARNER_%2811704782453%29.jpg/120px-DAVID_WARNER_%2811704782453%29.jpg,
ind_suresh_raina,Suresh Raina,India,https://upload.wikimedia.org/wikipedia/commons/thumb/9/9a/Suresh_Raina_grace_the_%27Salaam_Sachin%27_conclave.jpg/120px-Suresh_Raina_grace_the_%27Salaam_Sachin%27_conclave.jpg,
eng_jos_buttler,Jos Buttler,England,https://upload.wikimedia.org/wikipedia/commons/thumb/0/01/Jos_Buttler_in_2023.jpg/120px-Jos_Buttler_in_2023.jpg,
sl_kumar_sangakkara,Kumar Sangakkara,Sri Lanka,https://upload.wikimedia.org/wikipedia/commons/thumb/b/bd/Kumar_Sangakkara_bat_in_hand.JPG/120px-Kumar_Sangakkara_bat_in_hand.JPG,
ind_ravichandran_ashwin,Ravichandran Ashwin,India,https://upload.wikimedia.org/wikipedia/commons/thumb/d/da/The_Minister_of_State_for_Youth_Affairs_and_Sports_%28Independent_Charge%29%2C_Shri_Sarbananda_Sonowal_conferring_the_Arjuna_Award_on_cricketer_Ravichandran_Ashwin%2C_in_New_Delhi_on_July_31%2C_2015_cropped.jpg/120px-thumbnail.jpg,
sl_mahela_jayawardene,Mahela Jayawardene,Sri Lanka,https://upload.wikimedia.org/wikipedia/commons/thumb/f/f7/Mahela_Jayawardene_3.JPG/120px-Mahela_Jayawardene_3.JPG,
nz_ross_taylor,Ross Taylor,New Zealand,https://upload.wikimedia.org/wikipedia/commons/thumb/0/0e/Ross_Taylor_CNZM_%28cropped%29.jpg/120px-Ross_Taylor_CNZM_%28cropped%29.jpg,
ind_shikhar_dhawan,Shikhar Dhawan,India,https://upload.wikimedia.org/wikipedia/commons/thumb/3/3f/SHIKHAR_DHAWAN_%2816005494418%29.jpg/120px-SHIKHAR_DHAWAN_%2816005494418%29.jpg,
wi_chris_gayle,Chris Gayle,West Indies,https://upload.wikimedia.org/wikipedia/commons/thumb/f/f8/Two_views_of_Chris_Gayle_%2848020785077%29.jpg/120px-Two_views_of_Chris_Gayle_%2848020785077%29.jpg,
sl_tillakaratne_dilshan,Tillakaratne Dilshan,Sri Lanka,https://upload.wikimedia.org/wikipedia/commons/thumb/4/45/Tillakaratne_Dilshan_portrait.jpg/120px-Tillakaratne_Dilshan_portrait.jpg,
sl_angelo_mathews,Angelo Mathews,Sri Lanka,https://upload.wikimedia.org/wikipedia/commons/thumb/a/a2/Angelo_Mathews_%285338334462%29.jpg/120px-Angelo_Mathews_%285338334462%29.jpg,
ban_shakib_al_hasan,Shakib Al Hasan,Bangladesh,https://upload.wikimedia.org/wikipedia/commons/thumb/c/c0/Shakib_Al_Hasan_%284%29_%28cropped%29.jpg/120px-Shakib_Al_Hasan_%284%29_%28cropped%29.jpg,
aus_steve_smith,Steve Smith,Australia,https://upload.wikimedia.org/wikipedia/commons/thumb/1/1b/STEVE_SMITH_%2811705303043%29.jpg/120px-STEVE_SMITH_%2811705303043%29.jpg,
nz_kane_williamson,Kane Williamson,New Zealand,https://upload.wikimedia.org/wikipedia/commons/thumb/2/2a/Kane_Williamson_in_2019.jpg/120px-Kane_Williamson_in_2019.jpg,
sa_david_miller,David Miller,South Africa,https://upload.wikimedia.org/wikipedia/commons/thumb/c/c5/DAVID_MILLER_%2815704846295%29.jpg/120px-DAVID_MILLER_%2815704846295%29.jpg,
ind_yuvraj_singh,Yuvraj Singh,India,https://upload.wikimedia.org/wikipedia/commons/thumb/8/85/Yograj_Singh.png/120px-Yograj_Singh.png,
eng_eoin_morgan,Eoin Morgan,England,https://upload.wikimedia.org/wikipedia/commons/thumb/9/92/Eoin_Morgan_2.jpg/120px-Eoin_Morgan_2.jpg,
sl_lasith_malinga,Lasith Malinga,Sri Lanka,https://upload.wikimedia.org/wikipedia/commons/thumb/2/26/Lasith_Malinga_tossing_a_cricket_ball_at_practice.jpg/120px-Lasith_Malinga_tossing_a_cricket_ball_at_practice.jpg,
nz_tim_southee,Tim Southee,New Zealand,https://upload.wikimedia.org/wikipedia/commons/thumb/a/a5/Tim_Southee_ONZM_%28cropped%29.jpg/120px-Tim_Southee_ONZM_%28cropped%29.jpg,
wi_dwayne_bravo,Dwayne Bravo,West Indies,https://upload.wikimedia.org/wikipedia/commons/thumb/6/6b/Bravo_at_IIFA_2017_Green_Carpet.jpg/120px-Bravo_at_IIFA_2017_Green_Carpet.jpg,
sa_quinton_de_kock,Quinton de Kock,South Africa,https://upload.wikimedia.org/wikipedia/commons/thumb/6/67/QUINTON_DE_KOCK_%2815681398316%29.jpg/120px-QUINTON_DE_KOCK_%2815681398316%29.jpg,
ban_mushfiqur_rahim,Mushfiqur Rahim,Bangladesh,https://upload.wikimedia.org/wikipedia/commons/thumb/e/e4/Mushfiqur_Rahim_2018_%28cropped%29.jpg/120px-Mushfiqur_Rahim_2018_%28cropped%29.jpg,
ind_dinesh_karthik,Dinesh Karthik,India,https://upload.wikimedia.org/wikipedia/commons/thumb/f/fc/Dinesh.Karthik.jpg/120px-Dinesh.Karthik.jpg,
aus_shane_watson,Shane Watson,Australia,https://upload.wikimedia.org/wikipedia/commons/thumb/f/f3/SHANE_WATSON_%2811705862116%29.jpg/120px-SHANE_WATSON_%2811705862116%29.jpg,
ind_bhuvneshwar_kumar,Bhuvneshwar Kumar,India,https://upload.wikimedia.org/wikipedia/commons/thumb/2/27/Bhuvneshwar_kumar_With_Rashid_Zirak_%28Bhuvneshwar_Kumar_cropped%29.jpg/120px-Bhuvneshwar_kumar_With_Rashid_Zirak_%28Bhuvneshwar_Kumar_cropped%29.jpg,
aus_glenn_maxwell,Glenn Maxwell,Australia,https://upload.wikimedia.org/wikipedia/commons/thumb/3/3d/Glen_Maxwell_2026_%28cropped%29.jpg/120px-Glen_Maxwell_2026_%28cropped%29.jpg,
ind_harbhajan_singh,Harbhajan Singh,India,https://upload.wikimedia.org/wikipedia/commons/thumb/5/5a/Shri_Harbhajan_Singh_2015.jpg/120px-Shri_Harbhajan_Singh_2015.jpg,
wi_kieron_pollard,Kieron Pollard,West Indies,https://upload.wikimedia.org/wikipedia/commons/thumb/7/7d/Kieron_Pollard.jpg/120px-Kieron_Pollard.jpg,
sa_jp_duminy,JP Duminy,South Africa,https://upload.wikimedia.org/wikipedia/commons/thumb/0/08/JP_DUMINY_%2815681049126%29.jpg/120px-JP_DUMINY_%2815681049126%29.jpg,
ban_mahmudullah,Mahmudullah,Bangladesh,https://upload.wikimedia.org/wikipedia/commons/thumb/b/b3/Mahmudullah_Riyad_%282%29_%28cropped%29.jpg/120px-Mahmudullah_Riyad_%282%29_%28cropped%29.jpg,
ind_ajinkya_rahane,Ajinkya Rahane,India,https://upload.wikimedia.org/wikipedia/commons/thumb/9/96/Ajinkya_Rahane_2016_%28cropped%29.jpg/120px-Ajinkya_Rahane_2016_%28cropped%29.jpg,
ind_hardik_pandya,Hardik Pandya,India,https://upload.wikimedia.org/wikipedia/commons/thumb/f/fc/Hardik_Pandya_in_PMO_New_Delhi.jpg/120px-Hardik_Pandya_in_PMO_New_Delhi.jpg,
eng_james_anderson,James Anderson,England,https://upload.wikimedia.org/wikipedia/commons/thumb/e/e5/JIMMY_ANDERSON.jpg/120px-JIMMY_ANDERSON.jpg,
eng_joe_root,Joe Root,England,https://upload.wikimedia.org/wikipedia/commons/thumb/f/f7/Joe_Root_HIP1487_%28cropped%29.jpg/120px-Joe_Root_HIP1487_%28cropped%29.jpg,
pak_mohammad_hafeez,Mohammad Hafeez,Pakistan,https://upload.wikimedia.org/wikipedia/commons/thumb/1/1a/Mohammad_Hafeez_in_2017.png/120px-Mohammad_Hafeez_in_2017.png,
ind_gautam_gambhir,Gautam Gambhir,India,https://upload.wikimedia.org/wikipedia/commons/thumb/5/5c/Padma_Shri_Gautam_Gambhir_%28cropped%29.jpg/120px-Padma_Shri_Gautam_Gambhir_%28cropped%29.jpg,
pak_shoaib_malik,Shoaib Malik,Pakistan,https://upload.wikimedia.org/wikipedia/commons/thumb/9/95/Shoaib_Malik_answering_RAPID_FIRE_questions_%28PCB%29_01.jpg/120px-Shoaib_Malik_answering_RAPID_FIRE_questions_%28PCB%29_01.jpg,
nz_martin_guptill,Martin Guptill,New Zealand,https://upload.wikimedia.org/wikipedia/commons/thumb/1/1f/Martin_Guptill_2_%28cropped%29.jpg/120px-Martin_Guptill_2_%28cropped%29.jpg,
ind_kl_rahul,KL Rahul,India,https://upload.wikimedia.org/wikipedia/commons/thumb/6/69/KL_Rahul_at_Femina_Miss_India_2018_Grand_Finale_%28cropped%29.jpg/120px-KL_Rahul_at_Femina_Miss_India_2018_Grand_Finale_%28cropped%29.jpg,
ind_jasprit_bumrah,Jasprit Bumrah,India,https://upload.wikimedia.org/wikipedia/commons/thumb/0/02/Jasprit_Bumrah_in_PMO_New_Delhi.jpg/120px-Jasprit_Bumrah_in_PMO_New_Delhi.jpg,
nz_trent_boult,Trent Boult,New Zealand,https://upload.wikimedia.org/wikipedia/commons/thumb/2/23/2018.02.03.22.23.14-AUSvNZL_T20_AUS_innings%2C_SCG_%2839533156665%29.jpg/120px-2018.02.03.22.23.14-AUSvNZL_T20_AUS_innings%2C_SCG_%2839533156665%29.jpg,
ind_virender_sehwag,Virender Sehwag,India,https://upload.wikimedia.org/wikipedia/commons/thumb/f/fc/Virender_Sehwag_at_the_NDTV_Marks_for_Sports_event_13.jpg/120px-Virender_Sehwag_at_the_NDTV_Marks_for_Sports_event_13.jpg,
eng_moeen_ali,Moeen Ali,England,https://upload.wikimedia.org/wikipedia/commons/thumb/d/d1/2018.01.06.17.47.32-Moeen_Ali_%2838876905344%29_%28cropped%29.jpg/120px-2018.01.06.17.47.32-Moeen_Ali_%2838876905344%29_%28cropped%29.jpg,
aus_michael_clarke,Michael Clarke,Australia,https://upload.wikimedia.org/wikipedia/commons/thumb/b/b0/Pm_cricket_shots09_5995.jpg/120px-Pm_cricket_shots09_5995.jpg,
sa_hashim_amla,Hashim Amla,South Africa,https://upload.wikimedia.org/wikipedia/commons/thumb/1/17/HASHIM_AMLA_%283175887080%29.jpg/120px-HASHIM_AMLA_%283175887080%29.jpg,
ban_tamim_iqbal,Tamim Iqbal,Bangladesh,https://upload.wikimedia.org/wikipedia/commons/thumb/4/45/Tamim_Iqbal_Khan.jpg/120px-Tamim_Iqbal_Khan.jpg,
sa_dale_steyn,Dale Steyn,South Africa,https://upload.wikimedia.org/wikipedia/commons/thumb/6/6c/Dale_Steyn_YM.jpg/120px-Dale_Steyn_YM.jpg,
sa_jacques_kallis,Jacques Kallis,South Africa,https://upload.wikimedia.org/wikipedia/commons/thumb/7/7c/Jacques_Kallis_6.jpg/120px-Jacques_Kallis_6.jpg,
aus_mitchell_starc,Mitchell Starc,Australia,https://upload.wikimedia.org/wikipedia/commons/thumb/3/38/Mitchell_Starc_2023.jpg/120px-Mitchell_Starc_2023.jpg,
aus_mike_hussey,Mike Hussey,Australia,https://upload.wikimedia.org/wikipedia/commons/thumb/1/18/Michael_Hussey_2022.jpg/120px-Michael_Hussey_2022.jpg,
aus_aaron_finch,Aaron Finch,Australia,https://upload.wikimedia.org/wikipedia/commons/thumb/a/ae/AARON_FINCH_%286299558883%29.jpg/120px-AARON_FINCH_%286299558883%29.jpg,
eng_stuart_broad,Stuart Broad,England,https://upload.wikimedia.org/wikipedia/commons/thumb/4/45/Stuart_broad.jpg/120px-Stuart_broad.jpg,
eng_jonny_bairstow,Jonny Bairstow,England,https://upload.wikimedia.org/wikipedia/commons/thumb/4/49/2_05_Bairstow_out.jpg/120px-2_05_Bairstow_out.jpg,
pak_babar_azam,Babar Azam,Pakistan,https://upload.wikimedia.org/wikipedia/commons/thumb/4/43/Babar_azam_2023.jpg/120px-Babar_azam_2023.jpg,
ind_axar_patel,Axar Patel,India,https://upload.wikimedia.org/wikipedia/commons/thumb/a/ad/Axar_Patel_in_PMO_New_Delhi.jpg/120px-Axar_Patel_in_PMO_New_Delhi.jpg,
wi_jason_holder,Jason Holder,West Indies,https://upload.wikimedia.org/wikipedia/commons/thumb/d/de/Jason_Holder.jpg/120px-Jason_Holder.jpg,
sa_kagiso_rabada,Kagiso Rabada,South Africa,https://upload.wikimedia.org/wikipedia/commons/thumb/0/08/Rabada.jpg/120px-Rabada.jpg,
ind_yuzvendra_chahal,Yuzvendra Chahal,India,https://upload.wikimedia.org/wikipedia/commons/thumb/d/df/Yuzvendra_Chahal_in_PMO_New_Delhi.jpg/120px-Yuzvendra_Chahal_in_PMO_New_Delhi.jpg,
eng_ben_stokes,Ben Stokes,England,https://upload.wikimedia.org/wikipedia/commons/thumb/5/58/3_14_Captain_Ben_%28cropped%29.jpg/120px-3_14_Captain_Ben_%28cropped%29.jpg,
sa_morne_morkel,Morne Morkel,South Africa,https://upload.wikimedia.org/wikipedia/commons/thumb/a/a3/Morne_Morkel.jpg/120px-Morne_Morkel.jpg,
eng_adil_rashid,Adil Rashid,England,https://upload.wikimedia.org/wikipedia/commons/thumb/a/a3/1_13_Adil_Rashid_%28cropped%29.jpg/120px-1_13_Adil_Rashid_%28cropped%29.jpg,
aus_ricky_ponting,Ricky Ponting,Australia,https://upload.wikimedia.org/wikipedia/commons/thumb/4/49/Ricky_Ponting_2015.jpg/120px-Ricky_Ponting_2015.jpg,
ind_ishant_sharma,Ishant Sharma,India,https://upload.wikimedia.org/wikipedia/commons/thumb/0/06/Ishant_Sharma_4.jpg/120px-Ishant_Sharma_4.jpg,
ind_mohammed_shami,Mohammed Shami,India,https://upload.wikimedia.org/wikipedia/commons/thumb/0/01/Mohammed_Shami_Arjuna_Award_%28cropped%29.jpg/120px-Mohammed_Shami_Arjuna_Award_%28cropped%29.jpg,
sa_graeme_smith,Graeme Smith,South Africa,https://upload.wikimedia.org/wikipedia/commons/thumb/d/da/Graemesmith.jpg/120px-Graemesmith.jpg,
sl_dinesh_chandimal,Dinesh Chandimal,Sri Lanka,https://upload.wikimedia.org/wikipedia/commons/thumb/b/b9/Dinesh_Chandimal_2.JPG/120px-Dinesh_Chandimal_2.JPG,
ind_sachin_tendulkar,Sachin Tendulkar,India,https://upload.wikimedia.org/wikipedia/commons/thumb/0/05/Sachin_Tendulkar_family_%28cropped%29.jpg/116px-Sachin_Tendulkar_family_%28cropped%29.jpg,
ind_zaheer_khan,Zaheer Khan,India,https://upload.wikimedia.org/wikipedia/commons/thumb/2/27/Zaheer_Khan_at_the_CPAA_show_2018_%28cropped%29.jpg/120px-Zaheer_Khan_at_the_CPAA_show_2018_%28cropped%29.jpg,
wi_sunil_narine,Sunil Narine,West Indies,https://upload.wikimedia.org/wikipedia/commons/thumb/e/ee/Sunil_Narine.jpg/120px-Sunil_Narine.jpg,
ind_suryakumar_yadav,Suryakumar Yadav,India,https://upload.wikimedia.org/wikipedia/commons/thumb/b/b7/Suryakumar_Yadav_in_PMO_New_Delhi.jpg/120px-Suryakumar_Yadav_in_PMO_New_Delhi.jpg,
aus_mitchell_johnson,Mitchell Johnson,Australia,https://upload.wikimedia.org/wikipedia/commons/thumb/3/34/MITCHELL_JOHNSON_%2811705174114%29_%28cropped%29.jpg/120px-MITCHELL_JOHNSON_%2811705174114%29_%28cropped%29.jpg,
eng_kevin_pietersen,Kevin Pietersen,England,https://upload.wikimedia.org/wikipedia/commons/thumb/8/86/Kevin_Pietersen_2014.jpg/120px-Kevin_Pietersen_2014.jpg,
ind_rahul_dravid,Rahul Dravid,India,https://upload.wikimedia.org/wikipedia/commons/thumb/1/17/Rahul_Dravid_in_2024.jpg/120px-Rahul_Dravid_in_2024.jpg,
ban_mustafizur_rahman,Mustafizur Rahman,Bangladesh,https://upload.wikimedia.org/wikipedia/commons/thumb/a/a3/Mustafizur_Rahman_%284%29_%28cropped%29.jpg/120px-Mustafizur_Rahman_%284%29_%28cropped%29.jpg,
ind_umesh_yadav,Umesh Yadav,India,https://upload.wikimedia.org/wikipedia/commons/thumb/9/9e/Umesh_Yadav.jpg/120px-Umesh_Yadav.jpg,
sl_thisara_perera,Thisara Perera,Sri Lanka,https://upload.wikimedia.org/wikipedia/commons/thumb/8/8f/Thisara_Perera_2.JPG/120px-Thisara_Perera_2.JPG,
aus_pat_cummins,Pat Cummins,Australia,https://upload.wikimedia.org/wikipedia/commons/thumb/6/69/Pat_Cummins_fielding_Ashes_2021_%28cropped%29.jpg/120px-Pat_Cummins_fielding_Ashes_2021_%28cropped%29.jpg,
ind_kuldeep_yadav,Kuldeep Yadav,India,https://upload.wikimedia.org/wikipedia/commons/thumb/9/91/Kuldeep_Yadav_in_PMO_New_Delhi.jpg/120px-Kuldeep_Yadav_in_PMO_New_Delhi.jpg,
pak_younis_khan,Younis Khan,Pakistan,https://upload.wikimedia.org/wikipedia/commons/thumb/2/2d/Younus_Khan_2010.jpg/120px-Younus_Khan_2010.jpg,
wi_marlon_samuels,Marlon Samuels,West Indies,https://upload.wikimedia.org/wikipedia/commons/thumb/6/6c/Chicago_Tornadoes_Marlon_Samuels.jpg/120px-Chicago_Tornadoes_Marlon_Samuels.jpg,
nz_daniel_vettori,Daniel Vettori,New Zealand,https://upload.wikimedia.org/wikipedia/commons/thumb/5/54/Daniel_Vettori_ONZM_%28cropped%29.jpg/120px-Daniel_Vettori_ONZM_%28cropped%29.jpg,
aus_mitchell_marsh,Mitchell Marsh,Australia,https://upload.wikimedia.org/wikipedia/commons/thumb/7/73/Mitchell_Marsh.jpg/120px-Mitchell_Marsh.jpg,
wi_andre_russell,Andre Russell,West Indies,https://upload.wikimedia.org/wikipedia/commons/thumb/9/9f/Andre_Russell_%281%29.jpg/120px-Andre_Russell_%281%29.jpg,
eng_ian_bell,Ian Bell,England,https://upload.wikimedia.org/wikipedia/commons/thumb/6/6b/The_England_Cricket_Team_Ashes_2015_%28bell_cropped%29.jpg/120px-The_England_Cricket_Team_Ashes_2015_%28bell_cropped%29.jpg,
ind_rishabh_pant,Rishabh Pant,India,https://upload.wikimedia.org/wikipedia/commons/thumb/7/77/Rishabh_Pant.jpg/120px-Rishabh_Pant.jpg,
sl_upul_tharanga,Upul Tharanga,Sri Lanka,https://upload.wikimedia.org/wikipedia/commons/thumb/d/d5/Upul-Tharanga%2C_Sri_Lanka_vs_Pakistan%2C_1st_ODI%2C_2017.jpg/120px-Upul-Tharanga%2C_Sri_Lanka_vs_Pakistan%2C_1st_ODI%2C_2017.jpg,
ind_shreyas_iyer,Shreyas Iyer,India,https://upload.wikimedia.org/wikipedia/commons/thumb/a/ae/Shreyas_Iyer_snapped_at_the_airport_%28Cropped%29.jpg/120px-Shreyas_Iyer_snapped_at_the_airport_%28Cropped%29.jpg,
aus_josh_hazlewood,Josh Hazlewood,Australia,https://upload.wikimedia.org/wikipedia/commons/thumb/d/d9/2018_Josh_Hazlewood_%28cropped%29.jpg/120px-2018_Josh_Hazlewood_%28cropped%29.jpg,
eng_paul_collingwood,Paul Collingwood,England,https://upload.wikimedia.org/wikipedia/commons/thumb/3/37/Former_England_batsman_Paul_Collingwood_at_Headingley_ahead_of_the_3rd_Ashes_Test_of_2019.jpg/120px-Former_England_batsman_Paul_Collingwood_at_Headingley_ahead_of_the_3rd_Ashes_Test_of_2019.jpg,
pak_misbah_ul_haq,Misbah-ul-Haq,Pakistan,https://upload.wikimedia.org/wikipedia/commons/thumb/6/69/Misbah-ul-Haq.png/120px-Misbah-ul-Haq.png,
sa_mark_boucher,Mark Boucher,South Africa,https://upload.wikimedia.org/wikipedia/commons/thumb/8/8e/Markboucher.jpg/120px-Markboucher.jpg,
ind_ambati_rayudu,Ambati Rayudu,India,https://upload.wikimedia.org/wikipedia/commons/thumb/5/51/Ambati_Rayudu.jpg/120px-Ambati_Rayudu.jpg,
ind_robin_uthappa,Robin Uthappa,India,https://upload.wikimedia.org/wikipedia/commons/thumb/7/7f/Robin_Uthappa_1.jpg/120px-Robin_Uthappa_1.jpg,
aus_marcus_stoinis,Marcus Stoinis,Australia,https://upload.wikimedia.org/wikipedia/commons/thumb/2/2b/2018.01.21.15.22.25-Stoinis_%2839081521620%29.jpg/120px-2018.01.21.15.22.25-Stoinis_%2839081521620%29.jpg,
sl_nuwan_kulasekara,Nuwan Kulasekara,Sri Lanka,https://upload.wikimedia.org/wikipedia/commons/thumb/6/61/Nuwan_Kulasekara.jpg/120px-Nuwan_Kulasekara.jpg,
aus_brett_lee,Brett Lee,Australia,https://upload.wikimedia.org/wikipedia/commons/thumb/9/9f/Brett_lee_closeup2.jpg/120px-Brett_lee_closeup2.jpg,
eng_alastair_cook,Alastair Cook,England,https://upload.wikimedia.org/wikipedia/commons/thumb/c/c7/Alastair_Cook_vs_Upminster_CC.jpg/120px-Alastair_Cook_vs_Upminster_CC.jpg,
sa_aiden_markram,Aiden Markram,South Africa,https://upload.wikimedia.org/wikipedia/commons/thumb/c/ca/Aiden_Markram_%28cropped%29.jpg/120px-Aiden_Markram_%28cropped%29.jpg,
ind_shubman_gill,Shubman Gill,India,https://upload.wikimedia.org/wikipedia/commons/thumb/3/34/Shubman_Gill_2023_%28cropped%29.jpg/120px-Shubman_Gill_2023_%28cropped%29.jpg,
aus_adam_gilchrist,Adam Gilchrist,Australia,https://upload.wikimedia.org/wikipedia/commons/thumb/1/1f/Adam_Gilchrist_of_Australia_%28cropped%29.jpg/120px-Adam_Gilchrist_of_Australia_%28cropped%29.jpg,
wi_shai_hope,Shai Hope,West Indies,https://upload.wikimedia.org/wikipedia/commons/thumb/c/c3/Shai_Hope.jpg/120px-Shai_Hope.jpg,
ind_yusuf_pathan,Yusuf Pathan,India,https://upload.wikimedia.org/wikipedia/commons/thumb/b/b0/Yusuf_Pathan.jpg/120px-Yusuf_Pathan.jpg,
wi_darren_sammy,Darren Sammy,West Indies,https://upload.wikimedia.org/wikipedia/commons/thumb/3/3d/DARREN_SAMMY.jpg/120px-DARREN_SAMMY.jpg,
ind_sanju_samson,Sanju Samson,India,https://upload.wikimedia.org/wikipedia/commons/thumb/7/70/Sanju_Samson_in_PMO_New_Delhi.jpg/120px-Sanju_Samson_in_PMO_New_Delhi.jpg,
ban_mashrafe_mortaza,Mashrafe Mortaza,Bangladesh,https://upload.wikimedia.org/wikipedia/commons/thumb/2/20/Mashrafe_conference_3.jpg/120px-Mashrafe_conference_3.jpg,
ban_liton_das,Liton Das,Bangladesh,https://upload.wikimedia.org/wikipedia/commons/thumb/6/69/Liton_Das_%283%29_%28cropped%29.jpg/120px-Liton_Das_%283%29_%28cropped%29.jpg,
aus_adam_zampa,Adam Zampa,Australia,https://upload.wikimedia.org/wikipedia/commons/thumb/5/51/Adam_Zampa_2023.jpg/120px-Adam_Zampa_2023.jpg,
sl_muttiah_muralitharan,Muttiah Muralitharan,Sri Lanka,https://upload.wikimedia.org/wikipedia/commons/thumb/c/c6/Photograph_of_Muttiah_Muralitharan.jpg/120px-Photograph_of_Muttiah_Muralitharan.jpg,
ind_irfan_pathan,Irfan Pathan,India,https://upload.wikimedia.org/wikipedia/commons/thumb/7/7f/Irfan_Pathan72.jpg/120px-Irfan_Pathan72.jpg,
pak_mohammad_rizwan,Mohammad Rizwan,Pakistan,https://upload.wikimedia.org/wikipedia/commons/thumb/a/af/M_Rizwan.jpg/120px-M_Rizwan.jpg,
ind_manish_pandey,Manish Pandey,India,https://upload.wikimedia.org/wikipedia/commons/thumb/b/bb/Manish_Pandey_%283%29.jpg/120px-Manish_Pandey_%283%29.jpg,
aus_matthew_wade,Matthew Wade,Australia,https://upload.wikimedia.org/wikipedia/commons/thumb/2/23/Matthew_Wade.jpg/120px-Matthew_Wade.jpg,
eng_chris_woakes,Chris Woakes,England,https://upload.wikimedia.org/wikipedia/commons/thumb/f/fe/Chris_Woakes_2022.jpg/120px-Chris_Woakes_2022.jpg,
pak_kamran_akmal,Kamran Akmal,Pakistan,https://upload.wikimedia.org/wikipedia/commons/thumb/c/c6/Kamran_Akmal_%282010%29.jpg/120px-Kamran_Akmal_%282010%29.jpg,
pak_sarfraz_ahmed,Sarfraz Ahmed,Pakistan,https://upload.wikimedia.org/wikipedia/commons/thumb/2/2e/Sarfaraz_Ahmed_%281%29.jpg/120px-Sarfaraz_Ahmed_%281%29.jpg,
aus_travis_head,Travis Head,Australia,https://upload.wikimedia.org/wikipedia/commons/thumb/0/05/Travis_Head_bowling_at_Perth_Stadium%2C_First_Test_Australia_versus_West_Indies%2C_2_December_2022_03_%28cropped%29.jpg/120px-Travis_Head_bowling_at_Perth_Stadium%2C_First_Test_Australia_versus_West_Indies%2C_2_December_2022_03_%28cropped%29.jpg,
ind_piyush_chawla,Piyush Chawla,India,https://upload.wikimedia.org/wikipedia/commons/thumb/d/da/Piyush_Chawla_2019.jpg/120px-Piyush_Chawla_2019.jpg,
ind_amit_mishra,Amit Mishra,India,https://upload.wikimedia.org/wikipedia/commons/thumb/7/73/Amit_Mishra.jpg/120px-Amit_Mishra.jpg,
pak_umar_gul,Umar Gul,Pakistan,https://upload.wikimedia.org/wikipedia/commons/thumb/e/ef/Khizer_Ahmed_and_Umar_Gul_%28cropped%29.jpg/120px-Khizer_Ahmed_and_Umar_Gul_%28cropped%29.jpg,
sa_imran_tahir,Imran Tahir,South Africa,https://upload.wikimedia.org/wikipedia/commons/thumb/c/cf/Imran_Tahir.jpg/120px-Imran_Tahir.jpg,
wi_shimron_hetmyer,Shimron Hetmyer,West Indies,https://upload.wikimedia.org/wikipedia/commons/thumb/8/8a/Shimron_Hetmyer.jpg/120px-Shimron_Hetmyer.jpg,
aus_brad_haddin,Brad Haddin,Australia,https://upload.wikimedia.org/wikipedia/commons/thumb/8/89/Brad_Haddin_playing_for_the_Sixers.jpg/120px-Brad_Haddin_playing_for_the_Sixers.jpg,
nz_ish_sodhi,Ish Sodhi,New Zealand,https://upload.wikimedia.org/wikipedia/commons/thumb/5/52/2018.02.03.20.52.20-AUSvNZL_T20_NZL_innings%2C_SCG_%2838618201470%29_%28Sodhi_cropped%29.jpg/120px-2018.02.03.20.52.20-AUSvNZL_T20_NZL_innings%2C_SCG_%2838618201470%29_%28Sodhi_cropped%29.jpg,
ind_mohammed_siraj,Mohammed Siraj,India,https://upload.wikimedia.org/wikipedia/commons/thumb/d/da/Prime_Minister_Of_Bharat_Shri_Narendra_Damodardas_Modi_with_Mohammad_Siraj_%28cropped%29.jpg/120px-Prime_Minister_Of_Bharat_Shri_Narendra_Damodardas_Modi_with_Mohammad_Siraj_%28cropped%29.jpg,
ind_wriddhiman_saha,Wriddhiman Saha,India,https://upload.wikimedia.org/wikipedia/commons/thumb/3/32/Wriddhiman_Saha.jpg/120px-Wriddhiman_Saha.jpg,
pak_umar_akmal,Umar Akmal,Pakistan,https://upload.wikimedia.org/wikipedia/commons/thumb/b/b8/Umar_akmal_profile.jpg/120px-Umar_akmal_profile.jpg,
wi_shivnarine_chanderpaul,Shivnarine Chanderpaul,West Indies,https://upload.wikimedia.org/wikipedia/commons/thumb/0/03/Shivnarine_Chanderpaul.jpg/120px-Shivnarine_Chanderpaul.jpg,
wi_dwayne_smith,Dwayne Smith,West Indies,https://upload.wikimedia.org/wikipedia/commons/thumb/f/f0/DWAYNE_SMITH.jpg/120px-DWAYNE_SMITH.jpg,
sl_sanath_jayasuriya,Sanath Jayasuriya,Sri Lanka,https://upload.wikimedia.org/wikipedia/commons/thumb/1/16/Sanath_jayasuriya_portrait.jpg/120px-Sanath_jayasuriya_portrait.jpg,
pak_saeed_ajmal,Saeed Ajmal,Pakistan,https://upload.wikimedia.org/wikipedia/commons/thumb/5/5a/Farid_with_Saeed_%28cropped%29.jpg/120px-Farid_with_Saeed_%28cropped%29.jpg,
eng_andrew_strauss,Andrew Strauss,England,https://upload.wikimedia.org/wikipedia/commons/thumb/6/62/Andrew_Strauss.JPG/120px-Andrew_Strauss.JPG,
sa_herschelle_gibbs,Herschelle Gibbs,South Africa,https://upload.wikimedia.org/wikipedia/commons/thumb/8/8e/Herschelle_Gibbs.jpg/120px-Herschelle_Gibbs.jpg,
eng_jason_roy,Jason Roy,England,https://upload.wikimedia.org/wikipedia/commons/thumb/e/ed/Jason_Roy_with_the_Sydney_Sixers.jpg/120px-Jason_Roy_with_the_Sydney_Sixers.jpg,
aus_andrew_symonds,Andrew Symonds,Australia,https://upload.wikimedia.org/wikipedia/commons/thumb/b/b9/Andrew_symonds_%28cropped%29.jpg/120px-Andrew_symonds_%28cropped%29.jpg,
ind_praveen_kumar,Praveen Kumar,India,https://upload.wikimedia.org/wikipedia/commons/thumb/2/21/Praveen_Kumar.jpg/120px-Praveen_Kumar.jpg,
pak_fakhar_zaman,Fakhar Zaman,Pakistan,https://upload.wikimedia.org/wikipedia/commons/thumb/f/f9/Fakhar_Zaman%2C_Pakistan_vs_Sri_Lanka%2C_1st_ODI%2C_2017.jpg/120px-Fakhar_Zaman%2C_Pakistan_vs_Sri_Lanka%2C_1st_ODI%2C_2017.jpg,
aus_shaun_marsh,Shaun Marsh,Australia,https://upload.wikimedia.org/wikipedia/commons/thumb/2/27/Shaun_Marsh.jpg/120px-Shaun_Marsh.jpg,
eng_sam_curran,Sam Curran,England,https://upload.wikimedia.org/wikipedia/commons/thumb/1/1b/The_Prime_Minister_welcomes_the_World_Cup_winning_cricketers_%2852764650104%29_-_Sam_Curran_%28cropped%29.jpg/120px-The_Prime_Minister_welcomes_the_World_Cup_winning_cricketers_%2852764650104%29_-_Sam_Curran_%28cropped%29.jpg,
ind_ashish_nehra,Ashish Nehra,India,https://upload.wikimedia.org/wikipedia/commons/thumb/3/3f/Ashish_Nehra_%286160488612%29_%28cropped%29.jpg/120px-Ashish_Nehra_%286160488612%29_%28cropped%29.jpg,
pak_shaheen_shah_afridi,Shaheen Shah Afridi,Pakistan,https://upload.wikimedia.org/wikipedia/commons/thumb/7/78/Shaheen_Afridi_%282%29.jpg/120px-Shaheen_Afridi_%282%29.jpg,
eng_ravi_bopara,Ravi Bopara,England,https://upload.wikimedia.org/wikipedia/commons/thumb/9/99/Ravi_Bopara.jpg/120px-Ravi_Bopara.jpg,
ind_murali_vijay,Murali Vijay,India,https://upload.wikimedia.org/wikipedia/commons/thumb/9/9f/Murali_Vijay_1_%28cropped%29.jpg/120px-Murali_Vijay_1_%28cropped%29.jpg,
sa_albie_morkel,Albie Morkel,South Africa,https://upload.wikimedia.org/wikipedia/commons/thumb/2/2c/Albie_Morkel_2.jpg/120px-Albie_Morkel_2.jpg,
wi_kemar_roach,Kemar Roach,West Indies,https://upload.wikimedia.org/wikipedia/commons/thumb/b/b1/Kemar_Roach_%28cropped%29.jpg/120px-Kemar_Roach_%28cropped%29.jpg,
sl_wanindu_hasaranga,Wanindu Hasaranga,Sri Lanka,https://upload.wikimedia.org/wikipedia/commons/thumb/2/2c/Waniya.jpg/120px-Waniya.jpg,
aus_matthew_hayden,Matthew Hayden,Australia,https://upload.wikimedia.org/wikipedia/commons/thumb/5/50/Matthew_Hayden_Image.jpg/120px-Matthew_Hayden_Image.jpg,
nz_kyle_mills,Kyle Mills,New Zealand,https://upload.wikimedia.org/wikipedia/commons/thumb/6/65/Kyle_Mills.JPG/120px-Kyle_Mills.JPG,
aus_cameron_white,Cameron White,Australia,https://upload.wikimedia.org/wikipedia/commons/thumb/3/37/Cameron_White.jpg/120px-Cameron_White.jpg,
pak_shadab_khan,Shadab Khan,Pakistan,https://upload.wikimedia.org/wikipedia/commons/thumb/b/ba/Shadab_Khan.png/120px-Shadab_Khan.png,
ind_parthiv_patel,Parthiv Patel,India,https://upload.wikimedia.org/wikipedia/commons/thumb/6/6f/Parthiv_Patel.jpg/120px-Parthiv_Patel.jpg,
ind_ishan_kishan,Ishan Kishan,India,https://upload.wikimedia.org/wikipedia/commons/thumb/d/d7/Ishan_Kishan.jpg/120px-Ishan_Kishan.jpg,
ban_mehedi_hasan_miraz,Mehedi Hasan Miraz,Bangladesh,https://upload.wikimedia.org/wikipedia/commons/thumb/d/db/%E0%A6%AE%E0%A7%87%E0%A6%B9%E0%A7%87%E0%A6%A6%E0%A7%80_%E0%A6%B9%E0%A6%BE%E0%A6%B8%E0%A6%BE%E0%A6%A8_%E0%A6%AE%E0%A6%BF%E0%A6%B0%E0%A6%BE%E0%A6%9C_%28cropped%29.jpg/120px-%E0%A6%AE%E0%A7%87%E0%A6%B9%E0%A7%87%E0%A6%A6%E0%A7%80_%E0%A6%B9%E0%A6%BE%E0%A6%B8%E0%A6%BE%E0%A6%A8_%E0%A6%AE%E0%A6%BF%E0%A6%B0%E0%A6%BE%E0%A6%9C_%28cropped%29.jpg,
wi_ramnaresh_sarwan,Ramnaresh Sarwan,West Indies,https://upload.wikimedia.org/wikipedia/commons/thumb/9/93/Ramnaresh_Sarwan.jpg/120px-Ramnaresh_Sarwan.jpg,
aus_alex_carey,Alex Carey,Australia,https://upload.wikimedia.org/wikipedia/commons/thumb/3/35/Alex_Carey_wicket-keeping_Ashes_2021_%28cropped_2%29.jpg/120px-Alex_Carey_wicket-keeping_Ashes_2021_%28cropped_2%29.jpg,
ban_mohammad_ashraful,Mohammad Ashraful,Bangladesh,https://upload.wikimedia.org/wikipedia/commons/thumb/e/e7/%E0%A6%AE%E0%A7%8B%E0%A6%B9%E0%A6%BE%E0%A6%AE%E0%A7%8D%E0%A6%AE%E0%A6%A6_%E0%A6%86%E0%A6%B6%E0%A6%B0%E0%A6%BE%E0%A6%AB%E0%A7%81%E0%A6%B2.jpg/120px-%E0%A6%AE%E0%A7%8B%E0%A6%B9%E0%A6%BE%E0%A6%AE%E0%A7%8D%E0%A6%AE%E0%A6%A6_%E0%A6%86%E0%A6%B6%E0%A6%B0%E0%A6%BE%E0%A6%AB%E0%A7%81%E0%A6%B2.jpg,
eng_graeme_swann,Graeme Swann,England,https://upload.wikimedia.org/wikipedia/commons/thumb/2/25/Graeme_Swann%2C_2009.jpg/120px-Graeme_Swann%2C_2009.jpg,
pak_mohammad_yousuf,Mohammad Yousuf,Pakistan,https://upload.wikimedia.org/wikipedia/commons/thumb/c/c1/Mohammad_yousuf.jpg/120px-Mohammad_yousuf.jpg,
aus_nathan_lyon,Nathan Lyon,Australia,https://upload.wikimedia.org/wikipedia/commons/thumb/9/90/Nathan_Lyon_%281%29.jpg/120px-Nathan_Lyon_%281%29.jpg,
wi_roston_chase,Roston Chase,West Indies,https://upload.wikimedia.org/wikipedia/commons/thumb/1/12/Roston_Chase_batting_at_Perth_Stadium%2C_First_Test_Australia_versus_West_Indies%2C_2_December_2022_09.jpg/120px-Roston_Chase_batting_at_Perth_Stadium%2C_First_Test_Australia_versus_West_Indies%2C_2_December_2022_09.jpg,
ind_sourav_ganguly,Sourav Ganguly,India,https://upload.wikimedia.org/wikipedia/commons/thumb/3/35/Sourav_Ganguly_%28late_2010s%29.jpg/120px-Sourav_Ganguly_%28late_2010s%29.jpg,
eng_chris_jordan,Chris Jordan,England,https://upload.wikimedia.org/wikipedia/commons/thumb/6/64/The_Prime_Minister_welcomes_the_World_Cup_winning_cricketers_%2852764885608%29.jpg/120px-The_Prime_Minister_welcomes_the_World_Cup_winning_cricketers_%2852764885608%29.jpg,
ind_arshdeep_singh,Arshdeep Singh,India,https://upload.wikimedia.org/wikipedia/commons/thumb/3/36/Prime_Minister_Of_Bharat_Shri_Narendra_Damodardas_Modi_with_Arshdeep_Singh_Family_%28Cropped%29.jpg/120px-Prime_Minister_Of_Bharat_Shri_Narendra_Damodardas_Modi_with_Arshdeep_Singh_Family_%28Cropped%29.jpg,
aus_david_hussey,David Hussey,Australia,https://upload.wikimedia.org/wikipedia/commons/thumb/9/9e/David_Hussey_2.jpg/120px-David_Hussey_2.jpg,
ban_soumya_sarkar,Soumya Sarkar,Bangladesh,https://upload.wikimedia.org/wikipedia/commons/thumb/a/ab/Soumya_Sarkar_%281%29_%28cropped%29.jpg/120px-Soumya_Sarkar_%281%29_%28cropped%29.jpg,
wi_lendl_simmons,Lendl Simmons,West Indies,https://upload.wikimedia.org/wikipedia/commons/thumb/3/35/Lendl_Simmons.jpg/120px-Lendl_Simmons.jpg,
sa_wayne_parnell,Wayne Parnell,South Africa,https://upload.wikimedia.org/wikipedia/commons/thumb/8/85/WAYNE_PARNELL_%2815520474620%29.jpg/120px-WAYNE_PARNELL_%2815520474620%29.jpg,
nz_scott_styris,Scott Styris,New Zealand,https://upload.wikimedia.org/wikipedia/commons/thumb/5/5e/Scott_Styris_11.jpg/120px-Scott_Styris_11.jpg,
nz_matt_henry,Matt Henry,New Zealand,https://upload.wikimedia.org/wikipedia/commons/thumb/c/c9/Matt_Henry.jpg/120px-Matt_Henry.jpg,
ind_krunal_pandya,Krunal Pandya,India,https://upload.wikimedia.org/wikipedia/commons/thumb/b/b3/Krunal_Pandya_and_Hardik_Pandya_%28cropped%29_%28cropped%29.jpg/120px-Krunal_Pandya_and_Hardik_Pandya_%28cropped%29_%28cropped%29.jpg,
sa_makhaya_ntini,Makhaya Ntini,South Africa,https://upload.wikimedia.org/wikipedia/commons/thumb/3/37/Makhaya_Ntini_4.jpg/120px-Makhaya_Ntini_4.jpg,
ban_taskin_ahmed,Taskin Ahmed,Bangladesh,https://upload.wikimedia.org/wikipedia/commons/thumb/4/43/Taskin_Ahmed_in_2024_%28cropped%29.jpg/120px-Taskin_Ahmed_in_2024_%28cropped%29.jpg,
ind_washington_sundar,Washington Sundar,India,https://upload.wikimedia.org/wikipedia/commons/thumb/2/23/Washington_Sundar.jpg/120px-Washington_Sundar.jpg,
sl_rangana_herath,Rangana Herath,Sri Lanka,https://upload.wikimedia.org/wikipedia/commons/thumb/2/20/Lords_-_June_2011_-_E_v_SL_-_Rangana_Herath_Delivers_%285858562848%29.jpg/120px-Lords_-_June_2011_-_E_v_SL_-_Rangana_Herath_Delivers_%285858562848%29.jpg,
sl_suranga_lakmal,Suranga Lakmal,Sri Lanka,https://upload.wikimedia.org/wikipedia/commons/thumb/8/80/1_41_Suranga_Lakmal.jpg/120px-1_41_Suranga_Lakmal.jpg,
sa_lungi_ngidi,Lungi Ngidi,South Africa,https://upload.wikimedia.org/wikipedia/commons/thumb/2/2b/Lungi_Ngidi_2022.jpg/120px-Lungi_Ngidi_2022.jpg,
ban_abdur_razzak,Abdur Razzak,Bangladesh,https://upload.wikimedia.org/wikipedia/commons/thumb/a/a5/Adbur_Razzak_bowling_2010.jpg/120px-Adbur_Razzak_bowling_2010.jpg,
aus_george_bailey,George Bailey,Australia,https://upload.wikimedia.org/wikipedia/commons/thumb/1/1c/GEORGE_BAILEY_%2811704709453%29.jpg/120px-GEORGE_BAILEY_%2811704709453%29.jpg,
sa_keshav_maharaj,Keshav Maharaj,South Africa,https://upload.wikimedia.org/wikipedia/commons/thumb/f/fa/New_face_6-_Keshav_Maharaj.jpg/120px-New_face_6-_Keshav_Maharaj.jpg,
ind_rp_singh,RP Singh,India,https://upload.wikimedia.org/wikipedia/commons/thumb/2/2b/R._P._Singh.jpg/120px-R._P._Singh.jpg,
pak_mohammad_amir,Mohammad Amir,Pakistan,https://upload.wikimedia.org/wikipedia/commons/thumb/0/06/Mohammad_Amir.png/120px-Mohammad_Amir.png,
eng_alex_hales,Alex Hales,England,https://upload.wikimedia.org/wikipedia/commons/thumb/5/5e/Alex_Hales_2.JPG/120px-Alex_Hales_2.JPG,
nz_lockie_ferguson,Lockie Ferguson,New Zealand,https://upload.wikimedia.org/wikipedia/commons/thumb/1/1d/Lockie_Ferguson.jpg/120px-Lockie_Ferguson.jpg,
pak_abdul_razzaq,Abdul Razzaq,Pakistan,https://upload.wikimedia.org/wikipedia/commons/thumb/c/c2/Razzaq.jpg/120px-Razzaq.jpg,
nz_james_franklin,James Franklin,New Zealand,https://upload.wikimedia.org/wikipedia/commons/thumb/9/9d/James_Franklin_and_Joe_Burns.jpg/120px-James_Franklin_and_Joe_Burns.jpg,
ind_mayank_agarwal,Mayank Agarwal,India,https://upload.wikimedia.org/wikipedia/commons/thumb/6/61/2_38_Agarwal_mugshot.jpg/120px-2_38_Agarwal_mugshot.jpg,
sa_johan_botha,Johan Botha,South Africa,https://upload.wikimedia.org/wikipedia/commons/thumb/8/8d/Johan_Botha.jpg/120px-Johan_Botha.jpg,
eng_matt_prior,Matt Prior,England,https://upload.wikimedia.org/wikipedia/commons/thumb/2/23/Matt_prior.jpg/120px-Matt_prior.jpg,
sa_temba_bavuma,Temba Bavuma,South Africa,https://upload.wikimedia.org/wikipedia/commons/thumb/f/f7/2_46_Wood_faces_Morris.jpg/120px-2_46_Wood_faces_Morris.jpg,
wi_jerome_taylor,Jerome Taylor,West Indies,https://upload.wikimedia.org/wikipedia/commons/thumb/3/3e/Jerome_Taylor_%281%29.jpg/120px-Jerome_Taylor_%281%29.jpg,
pak_wahab_riaz,Wahab Riaz,Pakistan,https://upload.wikimedia.org/wikipedia/commons/thumb/d/da/Wahab_Riaz.jpg/120px-Wahab_Riaz.jpg,
aus_james_faulkner,James Faulkner,Australia,https://upload.wikimedia.org/wikipedia/commons/thumb/0/0e/JAMES_FAULKNER_%2811704434875%29_%28cropped%29.jpg/120px-JAMES_FAULKNER_%2811704434875%29_%28cropped%29.jpg,
pak_ahmed_shehzad,Ahmed Shehzad,Pakistan,https://upload.wikimedia.org/wikipedia/commons/thumb/f/ff/Ahmed_Shehzad.png/120px-Ahmed_Shehzad.png,
sa_shaun_pollock,Shaun Pollock,South Africa,https://upload.wikimedia.org/wikipedia/commons/thumb/3/3e/Shaun_Pollock.JPG/120px-Shaun_Pollock.JPG,
pak_azhar_ali,Azhar Ali,Pakistan,https://upload.wikimedia.org/wikipedia/commons/thumb/2/28/Azhar_Ali.png/120px-Azhar_Ali.png,
sl_ajantha_mendis,Ajantha Mendis,Sri Lanka,https://upload.wikimedia.org/wikipedia/commons/thumb/4/45/Mendis_bowling.jpg/120px-Mendis_bowling.jpg,
ban_rubel_hossain,Rubel Hossain,Bangladesh,https://upload.wikimedia.org/wikipedia/commons/thumb/f/ff/Rubel_Hossain_%282%29_%28cropped%29.jpg/120px-Rubel_Hossain_%282%29_%28cropped%29.jpg,
ind_munaf_patel,Munaf Patel,India,https://upload.wikimedia.org/wikipedia/commons/thumb/0/00/Munaf_Patel_2.jpg/120px-Munaf_Patel_2.jpg,
pak_hasan_ali,Hasan Ali,Pakistan,https://upload.wikimedia.org/wikipedia/commons/thumb/3/39/Hasan_ali_%28cropped%29.jpg/120px-Hasan_ali_%28cropped%29.jpg,
pak_asad_shafiq,Asad Shafiq,Pakistan,https://upload.wikimedia.org/wikipedia/commons/thumb/7/72/Asad_Shafiq.png/120px-Asad_Shafiq.png,
ind_r_vinay_kumar,R Vinay Kumar,India,https://upload.wikimedia.org/wikipedia/commons/thumb/3/37/Vinay_Kumar_%28cricketer%29.jpg/120px-Vinay_Kumar_%28cricketer%29.jpg,
eng_ma_wood,MA Wood,England,https://upload.wikimedia.org/wikipedia/commons/thumb/1/1b/STEVE_SMITH_%2811705303043%29.jpg/120px-STEVE_SMITH_%2811705303043%29.jpg,
eng_jc_archer,JC Archer,England,https://upload.wikimedia.org/wikipedia/commons/thumb/0/01/Jos_Buttler_in_2023.jpg/120px-Jos_Buttler_in_2023.jpg,
aus_ut_khawaja,UT Khawaja,Australia,https://upload.wikimedia.org/wikipedia/commons/thumb/a/af/Columbia_reinstated_Gaza_Solidarity_Encampment%2C_day_5_wide_%28cropped%29.jpg/120px-Columbia_reinstated_Gaza_Solidarity_Encampment%2C_day_5_wide_%28cropped%29.jpg,
pak_haris_rauf,Haris Rauf,Pakistan,https://upload.wikimedia.org/wikipedia/commons/thumb/3/36/1_53_Haris_Rauf.jpg/120px-1_53_Haris_Rauf.jpg,
sl_fdm_karunaratne,FDM Karunaratne,Sri Lanka,https://upload.wikimedia.org/wikipedia/commons/thumb/1/17/Cricket_World_Cup_Final_%2816351625604%29.jpg/120px-Cricket_World_Cup_Final_%2816351625604%29.jpg,
ind_pp_ojha,PP Ojha,India,https://upload.wikimedia.org/wikipedia/commons/thumb/1/17/Rahul_Dravid_in_2024.jpg/120px-Rahul_Dravid_in_2024.jpg,
sl_wpujc_vaas,WPUJC Vaas,Sri Lanka,https://upload.wikimedia.org/wikipedia/commons/thumb/b/be/Chaminda_Vaas.jpg/120px-Chaminda_Vaas.jpg,
nz_c_de_grandhomme,C de Grandhomme,New Zealand,https://upload.wikimedia.org/wikipedia/commons/thumb/1/1b/STEVE_SMITH_%2811705303043%29.jpg/120px-STEVE_SMITH_%2811705303043%29.jpg,
wi_r_rampaul,R Rampaul,West Indies,https://upload.wikimedia.org/wikipedia/commons/thumb/9/9d/The_clouds_roll_in.jpg/120px-The_clouds_roll_in.jpg,
eng_a_flintoff,A Flintoff,England,https://upload.wikimedia.org/wikipedia/commons/thumb/b/b1/3_20_Corey_Flintoff.jpg/120px-3_20_Corey_Flintoff.jpg,
ind_s_dube,S Dube,India,https://upload.wikimedia.org/wikipedia/commons/thumb/b/b7/Suryakumar_Yadav_in_PMO_New_Delhi.jpg/120px-Suryakumar_Yadav_in_PMO_New_Delhi.jpg,
ind_dl_chahar,DL Chahar,India,https://upload.wikimedia.org/wikipedia/commons/thumb/7/70/Sanju_Samson_in_PMO_New_Delhi.jpg/120px-Sanju_Samson_in_PMO_New_Delhi.jpg,
ban_nazmul_hossain_shanto,Nazmul Hossain Shanto,Bangladesh,https://upload.wikimedia.org/wikipedia/commons/thumb/7/75/Najmul_Hossain_Shanto.jpg/120px-Najmul_Hossain_Shanto.jpg,
ind_s_sreesanth,S Sreesanth,India,https://upload.wikimedia.org/wikipedia/commons/thumb/0/08/Sreesanth_1.jpg/120px-Sreesanth_1.jpg,
pak_sohail_tanvir,Sohail Tanvir,Pakistan,https://upload.wikimedia.org/wikipedia/commons/thumb/7/70/Sohail_Tanvir_with_a_native_eagle_in_the_UAE.jpg/120px-Sohail_Tanvir_with_a_native_eagle_in_the_UAE.jpg,
aus_m_labuschagne,M Labuschagne,Australia,https://upload.wikimedia.org/wikipedia/commons/thumb/1/1b/STEVE_SMITH_%2811705303043%29.jpg/120px-STEVE_SMITH_%2811705303043%29.jpg,
eng_st_finn,ST Finn,England,https://upload.wikimedia.org/wikipedia/commons/thumb/b/b4/Steven_Finn_%28cricketer%29%2C_%282014%29.jpg/120px-Steven_Finn_%28cricketer%29%2C_%282014%29.jpg,
eng_le_plunkett,LE Plunkett,England,https://upload.wikimedia.org/wikipedia/commons/thumb/b/be/Lord_Edward_John_Moreton_Drax_Plunkett_Dunsany_by_Morrall-Hoole_Studios.jpg/120px-Lord_Edward_John_Moreton_Drax_Plunkett_Dunsany_by_Morrall-Hoole_Studios.jpg,
pak_imad_wasim,Imad Wasim,Pakistan,https://upload.wikimedia.org/wikipedia/commons/thumb/b/b7/Imad_Wasim_1.jpg/120px-Imad_Wasim_1.jpg,
ind_vvs_laxman,VVS Laxman,India,https://upload.wikimedia.org/wikipedia/commons/thumb/8/8b/VVS_Laxman99.jpg/120px-VVS_Laxman99.jpg,
ban_imrul_kayes,Imrul Kayes,Bangladesh,https://upload.wikimedia.org/wikipedia/commons/thumb/8/81/Imrul_Kayes_%281%29_%28cropped%29.jpg/120px-Imrul_Kayes_%281%29_%28cropped%29.jpg,
sa_rr_hendricks,RR Hendricks,South Africa,https://upload.wikimedia.org/wikipedia/commons/thumb/6/67/QUINTON_DE_KOCK_%2815681398316%29.jpg/120px-QUINTON_DE_KOCK_%2815681398316%29.jpg,
aus_th_david,TH David,Australia,https://upload.wikimedia.org/wikipedia/commons/thumb/f/f1/DudesCricketersB.jpg/120px-DudesCricketersB.jpg,
pak_salman_butt,Salman Butt,Pakistan,https://upload.wikimedia.org/wikipedia/commons/thumb/8/8c/Salman_Butt_%282019%29_1.jpg/120px-Salman_Butt_%282019%29_1.jpg,
nz_r_ravindra,R Ravindra,New Zealand,https://upload.wikimedia.org/wikipedia/commons/thumb/2/2c/PM_Shri_Narendra_Modi_with_Ravindra_Jadeja_%28Cropped%29.jpg/120px-PM_Shri_Narendra_Modi_with_Ravindra_Jadeja_%28Cropped%29.jpg,
ind_nv_ojha,NV Ojha,India,https://upload.wikimedia.org/wikipedia/commons/thumb/1/14/2020_Indian_farmers%27_protest_-_sitting_protest.jpg/120px-2020_Indian_farmers%27_protest_-_sitting_protest.jpg,
ban_sabbir_rahman,Sabbir Rahman,Bangladesh,https://upload.wikimedia.org/wikipedia/commons/thumb/2/24/Sabbir_Rahman_in_2019.jpg/120px-Sabbir_Rahman_in_2019.jpg,
ind_ab_agarkar,AB Agarkar,India,https://upload.wikimedia.org/wikipedia/commons/thumb/f/f9/MOHAMMAD_ASIF_%284246253787%29.jpg/120px-MOHAMMAD_ASIF_%284246253787%29.jpg,
ind_mandeep_singh,Mandeep Singh,India,https://upload.wikimedia.org/wikipedia/commons/thumb/3/35/Mandeep_Singh_2019.jpg/120px-Mandeep_Singh_2019.jpg,
eng_dj_malan,DJ Malan,England,https://upload.wikimedia.org/wikipedia/commons/thumb/4/44/South_Africa_2011_White_population_proportion_map.svg/120px-South_Africa_2011_White_population_proportion_map.svg.png,
ind_anil_kumble,Anil Kumble,India,https://upload.wikimedia.org/wikipedia/commons/thumb/d/de/Anil_Kumble_%281%29.jpg/120px-Anil_Kumble_%281%29.jpg,
aus_dr_martyn,DR Martyn,Australia,https://upload.wikimedia.org/wikipedia/commons/thumb/7/7d/Damien_martyn.jpg/120px-Damien_martyn.jpg,
ban_nasir_hossain,Nasir Hossain,Bangladesh,https://upload.wikimedia.org/wikipedia/commons/thumb/c/c0/%E0%A6%A8%E0%A6%BE%E0%A6%B8%E0%A6%BF%E0%A6%B0_%E0%A6%B9%E0%A7%8B%E0%A6%B8%E0%A7%87%E0%A6%A8.png/120px-%E0%A6%A8%E0%A6%BE%E0%A6%B8%E0%A6%BF%E0%A6%B0_%E0%A6%B9%E0%A7%8B%E0%A6%B8%E0%A7%87%E0%A6%A8.png,
wi_kc_brathwaite,KC Brathwaite,West Indies,https://upload.wikimedia.org/wikipedia/commons/thumb/1/1b/Nayeem_Hasan_05.jpg/120px-Nayeem_Hasan_05.jpg,
aus_bj_hodge,BJ Hodge,Australia,https://upload.wikimedia.org/wikipedia/commons/thumb/1/19/Brad_Hodge_2008.jpg/120px-Brad_Hodge_2008.jpg,
nz_bj_watling,BJ Watling,New Zealand,https://upload.wikimedia.org/wikipedia/commons/thumb/7/70/BJ_Watling_as_non-striker%2C_Hamilton_test_2010_20100328_1.jpg/120px-BJ_Watling_as_non-striker%2C_Hamilton_test_2010_20100328_1.jpg,
nz_sp_fleming,SP Fleming,New Zealand,https://upload.wikimedia.org/wikipedia/commons/thumb/c/c5/Stephen_Fleming_ONZM_%28cropped%29.jpg/120px-Stephen_Fleming_ONZM_%28cropped%29.jpg,
aus_mc_henriques,MC Henriques,Australia,https://upload.wikimedia.org/wikipedia/commons/thumb/a/ae/Sean_Paul_2024_%28cropped%29.jpg/120px-Sean_Paul_2024_%28cropped%29.jpg,
sa_rj_peterson,RJ Peterson,South Africa,https://upload.wikimedia.org/wikipedia/commons/thumb/9/92/Brian_Lara_at_2012_Mumbai_Marathon_pre_bash.jpg/120px-Brian_Lara_at_2012_Mumbai_Marathon_pre_bash.jpg,
ind_ra_tripathi,RA Tripathi,India,https://upload.wikimedia.org/wikipedia/commons/thumb/1/1c/Hiranandaniestate.jpg/120px-Hiranandaniestate.jpg,
ind_s_badrinath,S Badrinath,India,https://upload.wikimedia.org/wikipedia/commons/thumb/8/83/Subramaniam_Badrinath.JPG/120px-Subramaniam_Badrinath.JPG,
ban_mominul_haque,Mominul Haque,Bangladesh,https://upload.wikimedia.org/wikipedia/commons/thumb/b/be/Mominul_Haque_%282%29_%28cropped%29.jpg/120px-Mominul_Haque_%282%29_%28cropped%29.jpg,
nz_mg_bracewell,MG Bracewell,New Zealand,https://upload.wikimedia.org/wikipedia/commons/thumb/6/66/Plunket_Shield.jpg/120px-Plunket_Shield.jpg,
aus_gd_mcgrath,GD McGrath,Australia,https://upload.wikimedia.org/wikipedia/commons/thumb/b/b9/Glenn_McGrath_Portrait%2C_2011%2C_jjron.jpg/120px-Glenn_McGrath_Portrait%2C_2011%2C_jjron.jpg,
eng_oa_shah,OA Shah,England,https://upload.wikimedia.org/wikipedia/commons/thumb/4/43/Kabul%2C_Afghanistan_view.jpg/120px-Kabul%2C_Afghanistan_view.jpg,
ind_ab_dinda,AB Dinda,India,https://upload.wikimedia.org/wikipedia/commons/thumb/3/35/Sourav_Ganguly_%28late_2010s%29.jpg/120px-Sourav_Ganguly_%28late_2010s%29.jpg,
sa_ag_prince,AG Prince,South Africa,https://upload.wikimedia.org/wikipedia/commons/thumb/9/91/Ashwell_Prince.jpg/120px-Ashwell_Prince.jpg,
eng_mp_vaughan,MP Vaughan,England,https://upload.wikimedia.org/wikipedia/commons/thumb/2/27/The_Kia_Oval_England_v_Pakistan_-_Aug_2010_-_Michael_Vaughan_-_Channel_5%27s_Man_at_the_Cricket_%284908718949%29.jpg/120px-The_Kia_Oval_England_v_Pakistan_-_Aug_2010_-_Michael_Vaughan_-_Channel_5%27s_Man_at_the_Cricket_%284908718949%29.jpg,
nz_gd_elliott,GD Elliott,New Zealand,https://upload.wikimedia.org/wikipedia/commons/thumb/b/bc/Flag_of_Grenada.svg/120px-Flag_of_Grenada.svg.png,
ind_l_balaji,L Balaji,India,https://upload.wikimedia.org/wikipedia/commons/thumb/a/a1/Shubek_Gill_%28right%29_with_L_Balaji_%28left%29.jpg/120px-Shubek_Gill_%28right%29_with_L_Balaji_%28left%29.jpg,
ind_kk_ahmed,KK Ahmed,India,https://upload.wikimedia.org/wikipedia/commons/thumb/8/86/Arun_Jaitley_Stadium_during_World_Cup_2023.jpg/120px-Arun_Jaitley_Stadium_during_World_Cup_2023.jpg,
pak_shoaib_akhtar,Shoaib Akhtar,Pakistan,https://upload.wikimedia.org/wikipedia/commons/thumb/0/02/Khizer_Ahmed_and_mentor_Shoaib_Akhtar_%28cropped%29.jpg/120px-Khizer_Ahmed_and_mentor_Shoaib_Akhtar_%28cropped%29.jpg,
eng_bm_duckett,BM Duckett,England,https://upload.wikimedia.org/wikipedia/commons/thumb/d/de/St_Lawrence_Ground%2C_Canterbury_-_Kent_vs_Gloucestershire_2017_%2833085310154%29.jpg/120px-St_Lawrence_Ground%2C_Canterbury_-_Kent_vs_Gloucestershire_2017_%2833085310154%29.jpg,
pak_imam_ul_haq,Imam-ul-Haq,Pakistan,https://upload.wikimedia.org/wikipedia/commons/thumb/e/e8/4_12_Imam-ul-Haq_mugshot.jpg/120px-4_12_Imam-ul-Haq_mugshot.jpg,
eng_sw_billings,SW Billings,England,https://upload.wikimedia.org/wikipedia/commons/thumb/2/29/Sam_Billings_Kent_V_Surrey_2015_at_Kia_Oval_Cricket_Ground_%2827190750944%29.jpg/120px-Sam_Billings_Kent_V_Surrey_2015_at_Kia_Oval_Cricket_Ground_%2827190750944%29.jpg,
ind_kk_nair,KK Nair,India,https://upload.wikimedia.org/wikipedia/commons/thumb/d/d3/K.K._Chettur%2C_Indian_Ambassador_to_Japan_shaking_hands_with_Katsuo_Okazaki%2C_Japanese_Foreign_Minister%2C_after_signing_the_Indo-Japanese_Treaty_of_Peace_in_Tokyo.jpg/120px-thumbnail.jpg,
ban_shoriful_islam,Shoriful Islam,Bangladesh,https://upload.wikimedia.org/wikipedia/commons/thumb/8/83/Shoriful_Islam%2C_2024_%28cropped%29.jpg/120px-Shoriful_Islam%2C_2024_%28cropped%29.jpg,
eng_me_trescothick,ME Trescothick,England,https://upload.wikimedia.org/wikipedia/commons/thumb/1/1b/Tresco_1.jpg/120px-Tresco_1.jpg,
aus_dt_christian,DT Christian,Australia,https://upload.wikimedia.org/wikipedia/commons/thumb/e/e7/DB_Egmore_Logo.png/120px-DB_Egmore_Logo.png,
ind_pp_shaw,PP Shaw,India,https://upload.wikimedia.org/wikipedia/commons/thumb/a/a8/Prithvi_shaw.png/120px-Prithvi_shaw.png,
aus_jp_inglis,JP Inglis,Australia,https://upload.wikimedia.org/wikipedia/commons/thumb/c/c5/DAVID_MILLER_%2815704846295%29.jpg/120px-DAVID_MILLER_%2815704846295%29.jpg,
pak_inzamam_ul_haq,Inzamam-ul-Haq,Pakistan,https://upload.wikimedia.org/wikipedia/commons/thumb/0/0b/Inzamam-ul-Haq.jpg/120px-Inzamam-ul-Haq.jpg,
aus_pm_siddle,PM Siddle,Australia,https://upload.wikimedia.org/wikipedia/commons/thumb/5/5d/1932_Indian_Test_Cricket_team.jpg/120px-1932_Indian_Test_Cricket_team.jpg,
ban_shafiul_islam,Shafiul Islam,Bangladesh,https://upload.wikimedia.org/wikipedia/commons/thumb/2/28/Shafiul_Islam_Old_Trafford_2010.jpg/120px-Shafiul_Islam_Old_Trafford_2010.jpg,
aus_rj_harris,RJ Harris,Australia,https://upload.wikimedia.org/wikipedia/commons/thumb/0/0d/Ryan_Harris_2014_%28cropped%29.jpg/120px-Ryan_Harris_2014_%28cropped%29.jpg,
wi_bc_lara,BC Lara,West Indies,https://upload.wikimedia.org/wikipedia/commons/thumb/9/92/Brian_Lara_at_2012_Mumbai_Marathon_pre_bash.jpg/120px-Brian_Lara_at_2012_Mumbai_Marathon_pre_bash.jpg,
sa_a_nel,A Nel,South Africa,https://upload.wikimedia.org/wikipedia/commons/thumb/d/de/Andre_Nel_Bfdefence.jpg/120px-Andre_Nel_Bfdefence.jpg,
aus_de_bollinger,DE Bollinger,Australia,https://upload.wikimedia.org/wikipedia/commons/thumb/4/49/Sachin_at_Castrol_Golden_Spanner_Awards.jpg/120px-Sachin_at_Castrol_Golden_Spanner_Awards.jpg,
wi_koa_powell,KOA Powell,West Indies,https://upload.wikimedia.org/wikipedia/commons/thumb/5/5d/1932_Indian_Test_Cricket_team.jpg/120px-1932_Indian_Test_Cricket_team.jpg,
sa_rr_rossouw,RR Rossouw,South Africa,https://upload.wikimedia.org/wikipedia/commons/thumb/1/16/RILEE_ROSSOUW_%2815706681502%29.jpg/120px-RILEE_ROSSOUW_%2815706681502%29.jpg,
pak_mohammad_irfan,Mohammad Irfan,Pakistan,https://upload.wikimedia.org/wikipedia/commons/thumb/b/b8/Mohammad_Irfan.jpg/120px-Mohammad_Irfan.jpg,
ban_towhid_hridoy,Towhid Hridoy,Bangladesh,https://upload.wikimedia.org/wikipedia/commons/thumb/7/7a/Towhid_Hridoy.jpg/120px-Towhid_Hridoy.jpg,
pak_naseem_shah,Naseem Shah,Pakistan,https://upload.wikimedia.org/wikipedia/commons/thumb/c/c3/Naseem-Shah_%28cropped%29.png/120px-Naseem-Shah_%28cropped%29.png,
wi_ss_cottrell,SS Cottrell,West Indies,https://upload.wikimedia.org/wikipedia/commons/thumb/5/5d/1932_Indian_Test_Cricket_team.jpg/120px-1932_Indian_Test_Cricket_team.jpg,
ind_m_kartik,M Kartik,India,https://upload.wikimedia.org/wikipedia/commons/thumb/6/6c/Murali_kartik_bowling.jpg/120px-Murali_kartik_bowling.jpg,
eng_wg_jacks,WG Jacks,England,https://upload.wikimedia.org/wikipedia/commons/thumb/7/7f/Jack_Hobbs_c1920.jpg/120px-Jack_Hobbs_c1920.jpg,
aus_td_paine,TD Paine,Australia,https://upload.wikimedia.org/wikipedia/commons/thumb/2/26/Poised_for_the_start_of_Day_4_of_the_3rd_Test_of_the_2019_Ashes_Ben_Stokes%3B_Tim_Paine%3B_umpire_Joel_Wilson%3B_Usman_Khawaja_and_Matthew_Wade_%2848630622833%29_%28cropped%29.jpg/120px-thumbnail.jpg,
sl_smsm_senanayake,SMSM Senanayake,Sri Lanka,https://upload.wikimedia.org/wikipedia/commons/thumb/1/17/Cricket_World_Cup_Final_%2816351625604%29.jpg/120px-Cricket_World_Cup_Final_%2816351625604%29.jpg,
nz_ka_jamieson,KA Jamieson,New Zealand,https://upload.wikimedia.org/wikipedia/commons/thumb/4/4a/View_of_Kilmarnock%2C_September_2023_%28cropped%29.jpg/120px-View_of_Kilmarnock%2C_September_2023_%28cropped%29.jpg,
aus_shane_warne,Shane Warne,Australia,https://upload.wikimedia.org/wikipedia/commons/thumb/f/ff/Shane_Warne_February_2015.jpg/120px-Shane_Warne_February_2015.jpg,
pak_mohammad_sami,Mohammad Sami,Pakistan,https://upload.wikimedia.org/wikipedia/commons/thumb/0/0c/MOHAMMAD_SAMI.jpg/120px-MOHAMMAD_SAMI.jpg,
sl_ms_atapattu,MS Atapattu,Sri Lanka,https://upload.wikimedia.org/wikipedia/commons/thumb/f/f5/Sri_Lanka_Cricket_Practice_Session_-_Coach_Marvan_Atapattu_giving_slip_catching_practice.jpg/120px-Sri_Lanka_Cricket_Practice_Session_-_Coach_Marvan_Atapattu_giving_slip_catching_practice.jpg,
aus_sw_tait,SW Tait,Australia,https://upload.wikimedia.org/wikipedia/commons/thumb/7/70/House_in_Robertson%2C_NSW.jpg/120px-House_in_Robertson%2C_NSW.jpg,
pak_fawad_alam,Fawad Alam,Pakistan,https://upload.wikimedia.org/wikipedia/commons/thumb/3/3e/Fawad_alam.jpg/120px-Fawad_alam.jpg,
nz_pg_fulton,PG Fulton,New Zealand,https://upload.wikimedia.org/wikipedia/commons/thumb/8/87/Fulton_and_Broom.jpg/120px-Fulton_and_Broom.jpg,
ind_d_padikkal,D Padikkal,India,https://upload.wikimedia.org/wikipedia/commons/thumb/8/8e/Devdutt_Paddikal_%28cropped%29.jpg/120px-Devdutt_Paddikal_%28cropped%29.jpg,
pak_imran_farhat,Imran Farhat,Pakistan,https://upload.wikimedia.org/wikipedia/commons/thumb/b/b8/Imran_farhat_%28cropped%29.jpg/120px-Imran_farhat_%28cropped%29.jpg,
ban_mohammad_rafique,Mohammad Rafique,Bangladesh,https://upload.wikimedia.org/wikipedia/commons/thumb/5/52/Mohammad_Rafique_%28cricketer%29%2C_Cake_Cutting_At_Bangladesh_Cricket_Test_Anniversary_Event_2025-06-26_%28PID-0001207%29_%28cropped%29.jpg/120px-Mohammad_Rafique_%28cricketer%29%2C_Cake_Cutting_At_Bangladesh_Cricket_Test_Anniversary_Event_2025-06-26_%28PID-0001207%29_%28cropped%29.jpg,
eng_ms_panesar,MS Panesar,England,https://upload.wikimedia.org/wikipedia/commons/thumb/4/46/Monty_Panesar_%282014%29_%2802%29.jpg/120px-Monty_Panesar_%282014%29_%2802%29.jpg,
aus_ac_agar,AC Agar,Australia,https://upload.wikimedia.org/wikipedia/commons/thumb/c/c3/Naval_College.JPG/120px-Naval_College.JPG,
pak_yasir_shah,Yasir Shah,Pakistan,https://upload.wikimedia.org/wikipedia/commons/thumb/d/d7/Yasir_Shah.png/120px-Yasir_Shah.png,
aus_xj_doherty,XJ Doherty,Australia,https://upload.wikimedia.org/wikipedia/commons/thumb/e/e0/Widespread_Pain_Index_Areas.svg/120px-Widespread_Pain_Index_Areas.svg.png,
pak_mohammad_asif,Mohammad Asif,Pakistan,https://upload.wikimedia.org/wikipedia/commons/thumb/f/f9/MOHAMMAD_ASIF_%284246253787%29.jpg/120px-MOHAMMAD_ASIF_%284246253787%29.jpg,
ban_anamul_haque,Anamul Haque,Bangladesh,https://upload.wikimedia.org/wikipedia/commons/thumb/4/4f/Anamul_Haque_Bijoy%2C_AIUB_21th_Convocation_%28cropped%29.jpg/120px-Anamul_Haque_Bijoy%2C_AIUB_21th_Convocation_%28cropped%29.jpg,
ban_taijul_islam,Taijul Islam,Bangladesh,https://upload.wikimedia.org/wikipedia/commons/thumb/d/dc/Taijul_Islam%2C_2024_%282%29_%28cropped%29.jpg/99px-Taijul_Islam%2C_2024_%282%29_%28cropped%29.jpg,
pak_haris_sohail,Haris Sohail,Pakistan,https://upload.wikimedia.org/wikipedia/commons/thumb/c/c6/Haris_Sohail.png/120px-Haris_Sohail.png,
eng_z_crawley,Z Crawley,England,https://upload.wikimedia.org/wikipedia/commons/thumb/3/32/Aidan_Crawley_in_1950.jpg/120px-Aidan_Crawley_in_1950.jpg,
pak_shan_masood,Shan Masood,Pakistan,https://upload.wikimedia.org/wikipedia/commons/thumb/6/67/1_26_Shan_Masood.jpg/120px-1_26_Shan_Masood.jpg,
ind_t_natarajan,T Natarajan,India,https://upload.wikimedia.org/wikipedia/commons/thumb/6/65/T_Natarajan.jpg/120px-T_Natarajan.jpg,
ban_junaid_siddique,Junaid Siddique,Bangladesh,https://upload.wikimedia.org/wikipedia/commons/thumb/5/50/Junaid_Siddique_training%2C_23_January%2C_2009%2C_Dhaka_SBNS.jpg/120px-Junaid_Siddique_training%2C_23_January%2C_2009%2C_Dhaka_SBNS.jpg,
ban_habibul_bashar,Habibul Bashar,Bangladesh,https://upload.wikimedia.org/wikipedia/commons/thumb/d/d8/Habibul_Bashar_%281%29_%28cropped%29.jpg/120px-Habibul_Bashar_%281%29_%28cropped%29.jpg,
nz_js_patel,JS Patel,New Zealand,https://upload.wikimedia.org/wikipedia/commons/thumb/e/e3/1_35_Jeetan_Patel.jpg/120px-1_35_Jeetan_Patel.jpg,
ind_vr_aaron,VR Aaron,India,https://upload.wikimedia.org/wikipedia/commons/thumb/c/cc/Ipl-2021-ix7zwgff29ylomuf.jpg/120px-Ipl-2021-ix7zwgff29ylomuf.jpg,
ban_mosaddek_hossain,Mosaddek Hossain,Bangladesh,https://upload.wikimedia.org/wikipedia/commons/thumb/8/8d/Mosaddek_Hossain_Saikat_%282%29_%28cropped%29.jpg/120px-Mosaddek_Hossain_Saikat_%282%29_%28cropped%29.jpg,
sl_c_karunaratne,C Karunaratne,Sri Lanka,https://upload.wikimedia.org/wikipedia/commons/thumb/3/3e/Chamika_Karunaratne.jpg/120px-Chamika_Karunaratne.jpg,
ban_mohammad_saifuddin,Mohammad Saifuddin,Bangladesh,https://upload.wikimedia.org/wikipedia/commons/thumb/c/c0/Mohammad_Saifuddin_%28cropped%29.jpg/120px-Mohammad_Saifuddin_%28cropped%29.jpg,
aus_aj_tye,AJ Tye,Australia,https://upload.wikimedia.org/wikipedia/commons/thumb/a/af/2018.02.03.20.38.56-AUSvNZL_T20_NZL_innings%2C_SCG-0001_%2838618205890%29_%28Tye_cropped%29.jpg/120px-2018.02.03.20.38.56-AUSvNZL_T20_NZL_innings%2C_SCG-0001_%2838618205890%29_%28Tye_cropped%29.jpg,
eng_c_kieswetter,C Kieswetter,England,https://upload.wikimedia.org/wikipedia/commons/thumb/8/82/Craig_kieswetter_keeping.JPG/120px-Craig_kieswetter_keeping.JPG,
sa_aj_hall,AJ Hall,South Africa,https://upload.wikimedia.org/wikipedia/commons/thumb/1/12/Andrew_Hall_Northants.JPG/120px-Andrew_Hall_Northants.JPG,
sa_d_pretorius,D Pretorius,South Africa,https://upload.wikimedia.org/wikipedia/commons/thumb/3/37/2_14_Migael_Pretorius.jpg/120px-2_14_Migael_Pretorius.jpg,
pak_naved_ul_hasan,Naved-ul-Hasan,Pakistan,https://upload.wikimedia.org/wikipedia/commons/thumb/3/38/Rana_Naved_Ul_Hassan.jpg/120px-Rana_Naved_Ul_Hassan.jpg,
aus_nt_ellis,NT Ellis,Australia,https://upload.wikimedia.org/wikipedia/commons/thumb/a/ac/Ryan_Fox_Travelers-113_%28cropped%29.jpg/120px-Ryan_Fox_Travelers-113_%28cropped%29.jpg,
wi_fa_allen,FA Allen,West Indies,https://upload.wikimedia.org/wikipedia/commons/thumb/2/2b/ArthurGrimsdell.jpg/120px-ArthurGrimsdell.jpg,
nz_n_wagner,N Wagner,New Zealand,https://upload.wikimedia.org/wikipedia/commons/thumb/1/1b/STEVE_SMITH_%2811705303043%29.jpg/120px-STEVE_SMITH_%2811705303043%29.jpg,
sa_kj_abbott,KJ Abbott,South Africa,https://upload.wikimedia.org/wikipedia/commons/thumb/7/7d/King%27s_College%2C_Auckland_coat_of_arms.svg/120px-King%27s_College%2C_Auckland_coat_of_arms.svg.png,
aus_ca_lynn,CA Lynn,Australia,https://upload.wikimedia.org/wikipedia/commons/thumb/5/54/Collage_of_King%27s_Lynn_icons.png/120px-Collage_of_King%27s_Lynn_icons.png,
eng_jc_tredwell,JC Tredwell,England,https://upload.wikimedia.org/wikipedia/commons/thumb/0/01/Jos_Buttler_in_2023.jpg/120px-Jos_Buttler_in_2023.jpg,
nz_nj_astle,NJ Astle,New Zealand,https://upload.wikimedia.org/wikipedia/commons/thumb/0/01/Australia_vs._New_Zealand_%28cropped%29.jpg/120px-Australia_vs._New_Zealand_%28cropped%29.jpg,
wi_jnt_seales,JNT Seales,West Indies,https://upload.wikimedia.org/wikipedia/commons/thumb/9/99/John_Paul_II_Medal_of_Freedom_2004.jpg/120px-John_Paul_II_Medal_of_Freedom_2004.jpg,
ind_am_nayar,AM Nayar,India,https://upload.wikimedia.org/wikipedia/commons/thumb/4/45/Board_of_Control_for_Cricket_in_India_Logo_%282024%29.svg/120px-Board_of_Control_for_Cricket_in_India_Logo_%282024%29.svg.png,
eng_rj_sidebottom,RJ Sidebottom,England,https://upload.wikimedia.org/wikipedia/commons/thumb/9/90/2_36_Thank_you%2C_Ryan.jpg/120px-2_36_Thank_you%2C_Ryan.jpg,
ban_raqibul_hasan,Raqibul Hasan,Bangladesh,https://upload.wikimedia.org/wikipedia/commons/thumb/4/48/Raqibul_Hasan_%289%29_%28cropped%29.jpg/120px-Raqibul_Hasan_%289%29_%28cropped%29.jpg,
ban_rishad_hossain,Rishad Hossain,Bangladesh,https://upload.wikimedia.org/wikipedia/commons/thumb/8/84/Rishad_Hossain%2C_2025-02-08_Fortune_Barishal_BPL_2025_Champions_Trophy_Presentation_Dhaka_%28PID-0003668%29_%28cropped%29.jpg/120px-Rishad_Hossain%2C_2025-02-08_Fortune_Barishal_BPL_2025_Champions_Trophy_Presentation_Dhaka_%28PID-0003668%29_%28cropped%29.jpg,
ban_khaled_mashud,Khaled Mashud,Bangladesh,https://upload.wikimedia.org/wikipedia/commons/thumb/6/63/Khaled_Mashud_Pilot.jpg/120px-Khaled_Mashud_Pilot.jpg,
wi_ku_carty,KU Carty,West Indies,https://upload.wikimedia.org/wikipedia/commons/thumb/f/fb/1880s_Montage_II.jpg/120px-1880s_Montage_II.jpg,
ban_mohammad_mithun,Mohammad Mithun,Bangladesh,https://upload.wikimedia.org/wikipedia/commons/thumb/9/97/Mohammad_Mithun_%28cropped%29.jpg/120px-Mohammad_Mithun_%28cropped%29.jpg,
ban_nasum_ahmed,Nasum Ahmed,Bangladesh,https://upload.wikimedia.org/wikipedia/commons/thumb/0/00/Nasum_Ahmed_on_2022.png/120px-Nasum_Ahmed_on_2022.png,
sl_s_randiv,S Randiv,Sri Lanka,https://upload.wikimedia.org/wikipedia/commons/thumb/a/a9/Suraj_Randiv.jpg/120px-Suraj_Randiv.jpg,
wi_cs_baugh,CS Baugh,West Indies,https://upload.wikimedia.org/wikipedia/commons/thumb/1/1b/Nayeem_Hasan_05.jpg/120px-Nayeem_Hasan_05.jpg,
ban_jaker_ali,Jaker Ali,Bangladesh,https://upload.wikimedia.org/wikipedia/commons/thumb/a/a5/Jaker_Ali%2C_2025-07-24_%28PID-0000758%29_%28cropped%29.jpg/120px-Jaker_Ali%2C_2025-07-24_%28PID-0000758%29_%28cropped%29.jpg,
nz_jm_how,JM How,New Zealand,https://upload.wikimedia.org/wikipedia/commons/thumb/e/e5/JIMMY_ANDERSON.jpg/120px-JIMMY_ANDERSON.jpg,
pak_abdullah_shafique,Abdullah Shafique,Pakistan,https://upload.wikimedia.org/wikipedia/commons/thumb/c/c5/2_14_Shafique_mugshot.jpg/120px-2_14_Shafique_mugshot.jpg,
aus_pj_hughes,PJ Hughes,Australia,https://upload.wikimedia.org/wikipedia/commons/thumb/c/cb/Phil_Hughes.jpg/120px-Phil_Hughes.jpg,
wi_no_miller,NO Miller,West Indies,https://upload.wikimedia.org/wikipedia/commons/thumb/c/c5/DAVID_MILLER_%2815704846295%29.jpg/120px-DAVID_MILLER_%2815704846295%29.jpg,
ban_al_amin_hossain,Al-Amin Hossain,Bangladesh,https://upload.wikimedia.org/wikipedia/commons/thumb/a/aa/Al-Amin_Hossain.jpg/120px-Al-Amin_Hossain.jpg,
wi_oc_mccoy,OC McCoy,West Indies,https://upload.wikimedia.org/wikipedia/commons/thumb/6/6d/2_milligrams_of_fentanyl_on_pencil_tip._A_lethal_dose_for_most_people._US_Drug_Enforcement_Administration.jpg/120px-2_milligrams_of_fentanyl_on_pencil_tip._A_lethal_dose_for_most_people._US_Drug_Enforcement_Administration.jpg,
ban_tanzim_hasan_sakib,Tanzim Hasan Sakib,Bangladesh,https://upload.wikimedia.org/wikipedia/commons/thumb/9/9f/Tanzim_Hasan_Sakib_in_2024.jpg/120px-Tanzim_Hasan_Sakib_in_2024.jpg,
pak_yasir_hameed,Yasir Hameed,Pakistan,https://upload.wikimedia.org/wikipedia/commons/thumb/d/d7/Yasir_Hameed_%28cropped%29.jpg/120px-Yasir_Hameed_%28cropped%29.jpg,
ind_r_sharma,R Sharma,India,https://upload.wikimedia.org/wikipedia/commons/thumb/1/1e/Prime_Minister_Of_Bharat_Shri_Narendra_Damodardas_Modi_with_Shri_Rohit_Gurunath_Sharma_%28Cropped%29.jpg/120px-Prime_Minister_Of_Bharat_Shri_Narendra_Damodardas_Modi_with_Shri_Rohit_Gurunath_Sharma_%28Cropped%29.jpg,
aus_jl_pattinson,JL Pattinson,Australia,https://upload.wikimedia.org/wikipedia/commons/thumb/7/71/1_37_Test_stars_Marcus_Harris_%28cropped%29_%28cropped%29.jpg/120px-1_37_Test_stars_Marcus_Harris_%28cropped%29_%28cropped%29.jpg,
sl_das_gunaratne,DAS Gunaratne,Sri Lanka,https://upload.wikimedia.org/wikipedia/commons/thumb/9/93/Comilla_Victorians.png/120px-Comilla_Victorians.png,
sl_ktgd_prasad,KTGD Prasad,Sri Lanka,https://upload.wikimedia.org/wikipedia/commons/thumb/8/8b/Dammika_prasad.jpg/120px-Dammika_prasad.jpg,
nz_dr_tuffey,DR Tuffey,New Zealand,https://upload.wikimedia.org/wikipedia/commons/thumb/7/77/Daryl_Tuffey_%281%29.jpg/120px-Daryl_Tuffey_%281%29.jpg,
aus_mw_short,MW Short,Australia,https://upload.wikimedia.org/wikipedia/commons/thumb/f/f1/Prime_Minister_Imran_Khan_Adresses_the_Forum_01.jpg/120px-Prime_Minister_Imran_Khan_Adresses_the_Forum_01.jpg,
eng_gs_ballance,GS Ballance,England,https://upload.wikimedia.org/wikipedia/commons/thumb/a/a5/Sir_Garry_Sobers_2012.jpg/120px-Sir_Garry_Sobers_2012.jpg,
ban_shamim_hossain,Shamim Hossain,Bangladesh,https://upload.wikimedia.org/wikipedia/commons/thumb/3/32/Shamim_cricketer.jpg/120px-Shamim_cricketer.jpg,
pak_danish_kaneria,Danish Kaneria,Pakistan,https://upload.wikimedia.org/wikipedia/commons/thumb/5/51/Danish_Kaneria_2.jpg/120px-Danish_Kaneria_2.jpg,
nz_rj_nicol,RJ Nicol,New Zealand,https://upload.wikimedia.org/wikipedia/commons/thumb/e/e0/Widespread_Pain_Index_Areas.svg/120px-Widespread_Pain_Index_Areas.svg.png,
pak_sharjeel_khan,Sharjeel Khan,Pakistan,https://upload.wikimedia.org/wikipedia/commons/thumb/4/43/Sharjeel_Khan.png/120px-Sharjeel_Khan.png,
eng_jl_denly,JL Denly,England,https://upload.wikimedia.org/wikipedia/commons/thumb/b/b6/Denly2.jpg/120px-Denly2.jpg,
pak_imran_nazir,Imran Nazir,Pakistan,https://upload.wikimedia.org/wikipedia/commons/thumb/c/cf/Imran_Nazir_%2802%29.jpg/120px-Imran_Nazir_%2802%29.jpg,
ind_umran_malik,Umran Malik,India,https://upload.wikimedia.org/wikipedia/commons/thumb/9/93/Umran_Malik_in_GGM.jpg/120px-Umran_Malik_in_GGM.jpg,
sl_j_liyanage,J Liyanage,Sri Lanka,https://upload.wikimedia.org/wikipedia/commons/thumb/4/48/Janith_Liyanage_batting_debut.jpg/120px-Janith_Liyanage_batting_debut.jpg,
aus_jw_hastings,JW Hastings,Australia,https://upload.wikimedia.org/wikipedia/commons/thumb/0/07/The_Coldstream_Guards_Troop_Their_Colour_MOD_45165212.jpg/120px-The_Coldstream_Guards_Troop_Their_Colour_MOD_45165212.jpg,
eng_d_gough,D Gough,England,https://upload.wikimedia.org/wikipedia/commons/thumb/8/81/Freddie_Calthorpe_1920.jpg/120px-Freddie_Calthorpe_1920.jpg,
wi_of_smith,OF Smith,West Indies,https://upload.wikimedia.org/wikipedia/commons/thumb/1/1b/STEVE_SMITH_%2811705303043%29.jpg/120px-STEVE_SMITH_%2811705303043%29.jpg,
sl_jk_silva,JK Silva,Sri Lanka,https://upload.wikimedia.org/wikipedia/commons/thumb/e/e6/Victor_Hugo_by_%C3%89tienne_Carjat_1876_-_full.jpg/120px-Victor_Hugo_by_%C3%89tienne_Carjat_1876_-_full.jpg,
eng_la_dawson,LA Dawson,England,https://upload.wikimedia.org/wikipedia/commons/thumb/0/08/RichardDawson_crop.jpg/120px-RichardDawson_crop.jpg,
eng_mj_leach,MJ Leach,England,https://upload.wikimedia.org/wikipedia/commons/thumb/3/33/2_31_Hero%27s_return.jpg/120px-2_31_Hero%27s_return.jpg,
wi_jn_mohammed,JN Mohammed,West Indies,https://upload.wikimedia.org/wikipedia/commons/thumb/1/15/Gwalior_Fort_front.jpg/120px-Gwalior_Fort_front.jpg,
eng_vs_solanki,VS Solanki,England,https://upload.wikimedia.org/wikipedia/commons/thumb/2/2c/PM_Shri_Narendra_Modi_with_Ravindra_Jadeja_%28Cropped%29.jpg/120px-PM_Shri_Narendra_Modi_with_Ravindra_Jadeja_%28Cropped%29.jpg,
pak_saud_shakeel,Saud Shakeel,Pakistan,https://upload.wikimedia.org/wikipedia/commons/thumb/e/e9/1_37_Saud_Shakeel.jpg/120px-1_37_Saud_Shakeel.jpg,
ban_farhad_reza,Farhad Reza,Bangladesh,https://upload.wikimedia.org/wikipedia/commons/thumb/5/53/Farhad_Reza_%28cropped%29.jpg/97px-Farhad_Reza_%28cropped%29.jpg,
aus_ja_burns,JA Burns,Australia,https://upload.wikimedia.org/wikipedia/commons/thumb/3/36/Mainz-Laubenheimer_Bahnhof-_auf_Bahnsteig_Richtung_Mainz-_Richtung_Mainz_%28Personenunfall%29_7.12.2008.jpg/120px-Mainz-Laubenheimer_Bahnhof-_auf_Bahnsteig_Richtung_Mainz-_Richtung_Mainz_%28Personenunfall%29_7.12.2008.jpg,
eng_si_mahmood,SI Mahmood,England,https://upload.wikimedia.org/wikipedia/commons/thumb/4/40/Sitara-e-Imtiaz_%28Military%29_Neck_Medal.png/120px-Sitara-e-Imtiaz_%28Military%29_Neck_Medal.png,
ban_javed_omar,Javed Omar,Bangladesh,https://upload.wikimedia.org/wikipedia/commons/thumb/1/1e/Javed_Omar.jpg/120px-Javed_Omar.jpg,
sa_am_phangiso,AM Phangiso,South Africa,https://upload.wikimedia.org/wikipedia/commons/thumb/1/17/Cricket_World_Cup_Final_%2816351625604%29.jpg/120px-Cricket_World_Cup_Final_%2816351625604%29.jpg,
eng_j_overton,J Overton,England,https://upload.wikimedia.org/wikipedia/commons/thumb/7/79/William_Blake_Enoch_Lithograph_1807.jpg/120px-William_Blake_Enoch_Lithograph_1807.jpg,
wi_jp_greaves,JP Greaves,West Indies,https://upload.wikimedia.org/wikipedia/commons/thumb/4/44/South_Africa_2011_White_population_proportion_map.svg/120px-South_Africa_2011_White_population_proportion_map.svg.png,
pak_haider_ali,Haider Ali,Pakistan,https://upload.wikimedia.org/wikipedia/commons/thumb/e/e9/Haider-Ali.png/120px-Haider-Ali.png,
wi_so_dowrich,SO Dowrich,West Indies,https://upload.wikimedia.org/wikipedia/commons/thumb/6/6c/Chicago_Tornadoes_Marlon_Samuels.jpg/120px-Chicago_Tornadoes_Marlon_Samuels.jpg,
pak_azhar_mahmood,Azhar Mahmood,Pakistan,https://upload.wikimedia.org/wikipedia/commons/thumb/a/a2/Azhar_Mahmood.jpg/120px-Azhar_Mahmood.jpg,
ind_p_awana,P Awana,India,https://upload.wikimedia.org/wikipedia/commons/thumb/d/d4/The_Wanderers_2.jpg/120px-The_Wanderers_2.jpg,
nz_ms_sinclair,MS Sinclair,New Zealand,https://upload.wikimedia.org/wikipedia/commons/thumb/9/91/Clan_member_crest_badge_-_Clan_Sinclair.svg/120px-Clan_member_crest_badge_-_Clan_Sinclair.svg.png,
wi_ka_edwards,KA Edwards,West Indies,https://upload.wikimedia.org/wikipedia/commons/thumb/1/1b/Nayeem_Hasan_05.jpg/120px-Nayeem_Hasan_05.jpg,
wi_mw_forde,MW Forde,West Indies,https://upload.wikimedia.org/wikipedia/commons/thumb/4/41/Vladina_edinica%2C_Gradjanska_vojna_vo_Grcija.jpg/120px-Vladina_edinica%2C_Gradjanska_vojna_vo_Grcija.jpg,
aus_ms_kasprowicz,MS Kasprowicz,Australia,https://upload.wikimedia.org/wikipedia/commons/thumb/f/f3/SHANE_WATSON_%2811705862116%29.jpg/120px-SHANE_WATSON_%2811705862116%29.jpg,
ban_khaled_mahmud,Khaled Mahmud,Bangladesh,https://upload.wikimedia.org/wikipedia/commons/thumb/7/7e/Khaled_Mahmud_Sujon_%282%29_%28cropped%29.jpg/120px-Khaled_Mahmud_Sujon_%282%29_%28cropped%29.jpg,
aus_b_stanlake,B Stanlake,Australia,https://upload.wikimedia.org/wikipedia/commons/thumb/d/d6/Queensland_Intercolonial_Cricket_Team%2C_1895.tif/lossy-page1-96px-Queensland_Intercolonial_Cricket_Team%2C_1895.tif.jpg,
eng_aap_atkinson,AAP Atkinson,England,https://upload.wikimedia.org/wikipedia/commons/thumb/9/92/Brian_Lara_at_2012_Mumbai_Marathon_pre_bash.jpg/120px-Brian_Lara_at_2012_Mumbai_Marathon_pre_bash.jpg,
aus_am_hardie,AM Hardie,Australia,https://upload.wikimedia.org/wikipedia/commons/thumb/1/1b/STEVE_SMITH_%2811705303043%29.jpg/120px-STEVE_SMITH_%2811705303043%29.jpg,
ban_nazmul_hossain,Nazmul Hossain,Bangladesh,https://upload.wikimedia.org/wikipedia/commons/thumb/7/75/Najmul_Hossain_Shanto.jpg/120px-Najmul_Hossain_Shanto.jpg,
pak_mohammad_abbas,Mohammad Abbas,Pakistan,https://upload.wikimedia.org/wikipedia/commons/thumb/5/5c/1_39_Mo_Abbas_mugshot.jpg/120px-1_39_Mo_Abbas_mugshot.jpg,
aus_jl_langer,JL Langer,Australia,https://upload.wikimedia.org/wikipedia/commons/thumb/8/81/Justin_Langer_Portrait.png/120px-Justin_Langer_Portrait.png,
ban_parvez_hossain_emon,Parvez Hossain Emon,Bangladesh,https://upload.wikimedia.org/wikipedia/commons/thumb/9/9b/Parvez-Hossain-Emon.jpg/120px-Parvez-Hossain-Emon.jpg,
nz_ay_patel,AY Patel,New Zealand,https://upload.wikimedia.org/wikipedia/commons/thumb/2/2a/Akshay_Kumar_National_Award_for_Padman_%28cropped%29.jpg/120px-Akshay_Kumar_National_Award_for_Padman_%28cropped%29.jpg,
nz_hd_rutherford,HD Rutherford,New Zealand,https://upload.wikimedia.org/wikipedia/commons/thumb/3/3f/Martin_Crowe_2011.jpg/120px-Martin_Crowe_2011.jpg,
ind_j_yadav,J Yadav,India,https://upload.wikimedia.org/wikipedia/commons/thumb/9/9e/Umesh_Yadav.jpg/120px-Umesh_Yadav.jpg,
wi_cak_walton,CAK Walton,West Indies,https://upload.wikimedia.org/wikipedia/commons/thumb/1/1b/Nayeem_Hasan_05.jpg/120px-Nayeem_Hasan_05.jpg,
eng_bt_foakes,BT Foakes,England,https://upload.wikimedia.org/wikipedia/commons/thumb/2/29/Sam_Billings_Kent_V_Surrey_2015_at_Kia_Oval_Cricket_Ground_%2827190750944%29.jpg/120px-Sam_Billings_Kent_V_Surrey_2015_at_Kia_Oval_Cricket_Ground_%2827190750944%29.jpg,
nz_tb_robinson,TB Robinson,New Zealand,https://upload.wikimedia.org/wikipedia/commons/thumb/d/d2/Garrett_Morris_in_Los_Angeles_2013_%282%29.jpg/120px-Garrett_Morris_in_Los_Angeles_2013_%282%29.jpg,
ind_r_sai_kishore,R Sai Kishore,India,https://upload.wikimedia.org/wikipedia/commons/thumb/2/2b/4_15_Sai_Kishore.jpg/120px-4_15_Sai_Kishore.jpg,
pak_adnan_akmal,Adnan Akmal,Pakistan,https://upload.wikimedia.org/wikipedia/commons/thumb/0/07/Adnan_akmal_cropped.jpg/120px-Adnan_akmal_cropped.jpg,
eng_rehan_ahmed,Rehan Ahmed,England,https://upload.wikimedia.org/wikipedia/commons/thumb/4/43/3_57_Rehan_Ahmed.jpg/120px-3_57_Rehan_Ahmed.jpg,
aus_jr_philippe,JR Philippe,Australia,https://upload.wikimedia.org/wikipedia/commons/thumb/1/1b/STEVE_SMITH_%2811705303043%29.jpg/120px-STEVE_SMITH_%2811705303043%29.jpg,
pak_yasir_arafat,Yasir Arafat,Pakistan,https://upload.wikimedia.org/wikipedia/commons/thumb/a/a1/YasirArafat%28cricketer%29.JPG/120px-YasirArafat%28cricketer%29.JPG,
ind_a_mithun,A Mithun,India,https://upload.wikimedia.org/wikipedia/commons/thumb/7/77/Mithun_manhas.jpg/120px-Mithun_manhas.jpg,
nz_sc_kuggeleijn,SC Kuggeleijn,New Zealand,https://upload.wikimedia.org/wikipedia/commons/thumb/6/66/Plunket_Shield.jpg/120px-Plunket_Shield.jpg,
ind_d_mongia,D Mongia,India,https://upload.wikimedia.org/wikipedia/commons/thumb/9/92/Vidhyadhar_vav_-_Sevasi_-_Gujarat_-_005.jpg/120px-Vidhyadhar_vav_-_Sevasi_-_Gujarat_-_005.jpg,
ban_arafat_sunny,Arafat Sunny,Bangladesh,https://upload.wikimedia.org/wikipedia/commons/thumb/a/a2/Arafat_Sunny%2C_Bangladesh_cricket_team_2015-04-24_%28PID-0059788%29_%28cropped%29.jpg/120px-Arafat_Sunny%2C_Bangladesh_cricket_team_2015-04-24_%28PID-0059788%29_%28cropped%29.jpg,
aus_mj_north,MJ North,Australia,https://upload.wikimedia.org/wikipedia/commons/thumb/2/23/MJ_Ackerman.jpg/120px-MJ_Ackerman.jpg,
nz_ja_raval,JA Raval,New Zealand,https://upload.wikimedia.org/wikipedia/commons/thumb/b/bf/2_37_Neil_Wagner.jpg/120px-2_37_Neil_Wagner.jpg,
sl_k_mishara,K Mishara,Sri Lanka,https://upload.wikimedia.org/wikipedia/commons/thumb/3/36/Mainz-Laubenheimer_Bahnhof-_auf_Bahnsteig_Richtung_Mainz-_Richtung_Mainz_%28Personenunfall%29_7.12.2008.jpg/120px-Mainz-Laubenheimer_Bahnhof-_auf_Bahnsteig_Richtung_Mainz-_Richtung_Mainz_%28Personenunfall%29_7.12.2008.jpg,
wi_ne_bonner,NE Bonner,West Indies,https://upload.wikimedia.org/wikipedia/commons/thumb/7/73/God2-Sistine_Chapel.png/120px-God2-Sistine_Chapel.png,
sl_ss_pathirana,SS Pathirana,Sri Lanka,https://upload.wikimedia.org/wikipedia/commons/thumb/5/58/Richard_I_of_England.png/120px-Richard_I_of_England.png,
nz_cz_harris,CZ Harris,New Zealand,https://upload.wikimedia.org/wikipedia/commons/thumb/3/34/Chris_Harris_%28Cricketer%29.jpg/120px-Chris_Harris_%28Cricketer%29.jpg,
nz_aj_mckay,AJ McKay,New Zealand,https://upload.wikimedia.org/wikipedia/commons/thumb/e/e1/Raffles_%281930%29_one-sheet_poster.jpg/120px-Raffles_%281930%29_one-sheet_poster.jpg,
wi_ja_warrican,JA Warrican,West Indies,https://upload.wikimedia.org/wikipedia/commons/thumb/1/1b/Nayeem_Hasan_05.jpg/120px-Nayeem_Hasan_05.jpg,
eng_dp_sibley,DP Sibley,England,https://upload.wikimedia.org/wikipedia/commons/thumb/5/5d/1932_Indian_Test_Cricket_team.jpg/120px-1932_Indian_Test_Cricket_team.jpg,
pak_abid_ali,Abid Ali,Pakistan,https://upload.wikimedia.org/wikipedia/commons/thumb/b/bd/Abid_Ali.jpg/120px-Abid_Ali.jpg,
wi_sw_ambris,SW Ambris,West Indies,https://upload.wikimedia.org/wikipedia/commons/thumb/1/1b/Nayeem_Hasan_05.jpg/120px-Nayeem_Hasan_05.jpg,
ban_yasir_ali_chowdhury,Yasir Ali Chowdhury,Bangladesh,https://upload.wikimedia.org/wikipedia/commons/thumb/7/74/Yasir_Ali_%28Bangladeshi_cricketer%29_%28cropped%29.jpg/120px-Yasir_Ali_%28Bangladeshi_cricketer%29_%28cropped%29.jpg,
ban_mahmudul_hasan_joy,Mahmudul Hasan Joy,Bangladesh,https://upload.wikimedia.org/wikipedia/commons/thumb/5/5a/Mahmudul_Hasan_Joy_2024_%28cropped%29.jpg/120px-Mahmudul_Hasan_Joy_2024_%28cropped%29.jpg,
pak_rashid_latif,Rashid Latif,Pakistan,https://upload.wikimedia.org/wikipedia/commons/thumb/f/f8/Rashid_Latif_%281%29.jpg/120px-Rashid_Latif_%281%29.jpg,
sl_e_malinga,E Malinga,Sri Lanka,https://upload.wikimedia.org/wikipedia/commons/thumb/2/26/Lasith_Malinga_tossing_a_cricket_ball_at_practice.jpg/120px-Lasith_Malinga_tossing_a_cricket_ball_at_practice.jpg,
wi_bp_nash,BP Nash,West Indies,https://upload.wikimedia.org/wikipedia/commons/thumb/a/aa/GOC_Hemel_Hempstead_113_Plough_Roundabout%2C_Hemel_Hempstead_%2848726958143%29.jpg/120px-GOC_Hemel_Hempstead_113_Plough_Roundabout%2C_Hemel_Hempstead_%2848726958143%29.jpg,
eng_l_wood,L Wood,England,https://upload.wikimedia.org/wikipedia/commons/thumb/c/c0/Mark_wood_bowling_boxing_day_test.jpg/120px-Mark_wood_bowling_boxing_day_test.jpg,
wi_de_bernard,DE Bernard,West Indies,https://upload.wikimedia.org/wikipedia/commons/thumb/c/ce/Stained_glass_St_Bernard_MNMA_Cl3273.jpg/120px-Stained_glass_St_Bernard_MNMA_Cl3273.jpg,
ban_khaled_ahmed,Khaled Ahmed,Bangladesh,https://upload.wikimedia.org/wikipedia/commons/thumb/3/31/Khaled_Ahmed_%28cropped%29.jpg/120px-Khaled_Ahmed_%28cropped%29.jpg,
sa_jj_van_der_wath,JJ van der Wath,South Africa,https://upload.wikimedia.org/wikipedia/commons/thumb/1/14/VDWath.JPG/120px-VDWath.JPG,
eng_pa_nixon,PA Nixon,England,https://upload.wikimedia.org/wikipedia/commons/thumb/a/a5/Opunake_Beach_-_panoramio.jpg/120px-Opunake_Beach_-_panoramio.jpg,
eng_hf_gurney,HF Gurney,England,https://upload.wikimedia.org/wikipedia/commons/thumb/7/78/3_03_Harry_Gurney.jpg/120px-3_03_Harry_Gurney.jpg,
wi_tm_dowlin,TM Dowlin,West Indies,https://upload.wikimedia.org/wikipedia/commons/thumb/1/1b/Nayeem_Hasan_05.jpg/120px-Nayeem_Hasan_05.jpg,
nz_td_astle,TD Astle,New Zealand,https://upload.wikimedia.org/wikipedia/commons/thumb/6/66/Plunket_Shield.jpg/120px-Plunket_Shield.jpg,
pak_moin_khan,Moin Khan,Pakistan,https://upload.wikimedia.org/wikipedia/commons/thumb/4/49/Moin_Khan.png/120px-Moin_Khan.png,
sa_re_levi,RE Levi,South Africa,https://upload.wikimedia.org/wikipedia/commons/thumb/9/93/WBHS-Colour-TransparentBG.png/120px-WBHS-Colour-TransparentBG.png,
aus_ejm_cowan,EJM Cowan,Australia,https://upload.wikimedia.org/wikipedia/commons/thumb/d/d2/Ed_Cowan.jpg/120px-Ed_Cowan.jpg,
sa_d_olivier,D Olivier,South Africa,https://upload.wikimedia.org/wikipedia/commons/thumb/d/de/Duanne_Olivier_2019.jpg/120px-Duanne_Olivier_2019.jpg,
aus_la_pomersbach,LA Pomersbach,Australia,https://upload.wikimedia.org/wikipedia/commons/thumb/1/1a/Luke_Pomersbach_2010.jpg/120px-Luke_Pomersbach_2010.jpg,
aus_scg_macgill,SCG MacGill,Australia,https://upload.wikimedia.org/wikipedia/commons/thumb/b/b9/STUART_MACGILL.jpg/120px-STUART_MACGILL.jpg,
sa_m_de_lange,M de Lange,South Africa,https://upload.wikimedia.org/wikipedia/commons/thumb/f/f8/1_36_Marchant_de_Lange.jpg/120px-1_36_Marchant_de_Lange.jpg,
ban_zakir_hasan,Zakir Hasan,Bangladesh,https://upload.wikimedia.org/wikipedia/commons/thumb/c/cb/Zakir_Hasan_%28cricketer%2C_born_1998%29_%28cropped%29.jpg/120px-Zakir_Hasan_%28cricketer%2C_born_1998%29_%28cropped%29.jpg,
wi_kar_hodge,KAR Hodge,West Indies,https://upload.wikimedia.org/wikipedia/commons/thumb/c/cb/William-Adolphe_Bouguereau_%281825-1905%29_-_The_Motherland_%281883%29.jpg/120px-William-Adolphe_Bouguereau_%281825-1905%29_-_The_Motherland_%281883%29.jpg,
wi_k_sinclair,K Sinclair,West Indies,https://upload.wikimedia.org/wikipedia/commons/thumb/9/91/Clan_member_crest_badge_-_Clan_Sinclair.svg/120px-Clan_member_crest_badge_-_Clan_Sinclair.svg.png,
ind_j_srinath,J Srinath,India,https://upload.wikimedia.org/wikipedia/commons/thumb/6/6d/Javagal_Srinath_%28Feb%2C_2023%29.jpg/120px-Javagal_Srinath_%28Feb%2C_2023%29.jpg,
pak_rumman_raees,Rumman Raees,Pakistan,https://upload.wikimedia.org/wikipedia/commons/thumb/6/63/Rumman-Raees%2C_Pakistan_vs_Sri_Lanka%2C_1st_ODI%2C_2017.jpg/120px-Rumman-Raees%2C_Pakistan_vs_Sri_Lanka%2C_1st_ODI%2C_2017.jpg,
eng_nrd_compton,NRD Compton,England,https://upload.wikimedia.org/wikipedia/commons/thumb/2/2c/Denis_Compton_1936.jpg/120px-Denis_Compton_1936.jpg,
eng_op_stone,OP Stone,England,https://upload.wikimedia.org/wikipedia/commons/thumb/d/dd/Jemima_Goldsmith.jpg/120px-Jemima_Goldsmith.jpg,
ban_abu_jayed,Abu Jayed,Bangladesh,https://upload.wikimedia.org/wikipedia/commons/thumb/c/cd/Abu_Jayed_Chowdhury_%28cropped%29.jpg/120px-Abu_Jayed_Chowdhury_%28cropped%29.jpg,
nz_cd_cumming,CD Cumming,New Zealand,https://upload.wikimedia.org/wikipedia/commons/thumb/9/9c/Craig_Cumming.jpg/120px-Craig_Cumming.jpg,
nz_md_craig,MD Craig,New Zealand,https://upload.wikimedia.org/wikipedia/commons/thumb/3/3f/Martin_Crowe_2011.jpg/120px-Martin_Crowe_2011.jpg,
ban_nafees_iqbal,Nafees Iqbal,Bangladesh,https://upload.wikimedia.org/wikipedia/commons/thumb/b/b2/Nafees_Iqbal_2005.jpg/120px-Nafees_Iqbal_2005.jpg,
sl_p_jayawickrama,P Jayawickrama,Sri Lanka,https://upload.wikimedia.org/wikipedia/commons/thumb/9/97/Kegalle_Town_Clock_Tower.jpg/120px-Kegalle_Town_Clock_Tower.jpg,
sa_g_kirsten,G Kirsten,South Africa,https://upload.wikimedia.org/wikipedia/commons/thumb/1/1c/GaryKirsten.jpg/120px-GaryKirsten.jpg,
nz_pd_mcglashan,PD McGlashan,New Zealand,https://upload.wikimedia.org/wikipedia/commons/thumb/3/37/Former_England_batsman_Paul_Collingwood_at_Headingley_ahead_of_the_3rd_Ashes_Test_of_2019.jpg/120px-Former_England_batsman_Paul_Collingwood_at_Headingley_ahead_of_the_3rd_Ashes_Test_of_2019.jpg,
aus_ab_mcdonald,AB McDonald,Australia,https://upload.wikimedia.org/wikipedia/commons/thumb/4/4c/AB_de_villiers_%28cropped%29.jpg/120px-AB_de_villiers_%28cropped%29.jpg,
sa_sr_harmer,SR Harmer,South Africa,https://upload.wikimedia.org/wikipedia/commons/thumb/3/35/Sourav_Ganguly_%28late_2010s%29.jpg/120px-Sourav_Ganguly_%28late_2010s%29.jpg,
aus_ms_harris,MS Harris,Australia,https://upload.wikimedia.org/wikipedia/commons/thumb/4/49/Sachin_at_Castrol_Golden_Spanner_Awards.jpg/120px-Sachin_at_Castrol_Golden_Spanner_Awards.jpg,
wi_co_browne,CO Browne,West Indies,https://upload.wikimedia.org/wikipedia/commons/thumb/5/57/Nicola_J_Browne.jpg/120px-Nicola_J_Browne.jpg,
eng_dw_lawrence,DW Lawrence,England,https://upload.wikimedia.org/wikipedia/commons/thumb/f/f1/Prime_Minister_Imran_Khan_Adresses_the_Forum_01.jpg/120px-Prime_Minister_Imran_Khan_Adresses_the_Forum_01.jpg,
eng_a_mcgrath,A McGrath,England,https://upload.wikimedia.org/wikipedia/commons/thumb/b/b9/Glenn_McGrath_Portrait%2C_2011%2C_jjron.jpg/120px-Glenn_McGrath_Portrait%2C_2011%2C_jjron.jpg,
eng_kabir_ali,Kabir Ali,England,https://upload.wikimedia.org/wikipedia/commons/thumb/1/15/2_38_Kabir_Ali.jpg/120px-2_38_Kabir_Ali.jpg,
ban_nahid_rana,Nahid Rana,Bangladesh,https://upload.wikimedia.org/wikipedia/commons/thumb/e/ea/Nahid_Rana_2024_%28cropped%29.jpg/120px-Nahid_Rana_2024_%28cropped%29.jpg,
wi_dp_hyatt,DP Hyatt,West Indies,https://upload.wikimedia.org/wikipedia/commons/thumb/1/1e/United_Arab_Emirates_on_the_globe_%28United_Arab_Emirates_centered%29.svg/120px-United_Arab_Emirates_on_the_globe_%28United_Arab_Emirates_centered%29.svg.png,
sl_pa_de_silva,PA de Silva,Sri Lanka,https://upload.wikimedia.org/wikipedia/commons/thumb/f/ff/SPGPECT120.jpg/120px-SPGPECT120.jpg,
sa_n_peter,N Peter,South Africa,https://upload.wikimedia.org/wikipedia/commons/thumb/9/95/Peter_May.jpg/120px-Peter_May.jpg,
wi_rn_lewis,RN Lewis,West Indies,https://upload.wikimedia.org/wikipedia/commons/thumb/3/39/St_Andrews_College_Badge_%28Makhanda%29.png/120px-St_Andrews_College_Badge_%28Makhanda%29.png,
eng_g_onions,G Onions,England,https://upload.wikimedia.org/wikipedia/commons/thumb/7/74/Onions_at_Edgbaston%2C_2009_%281%29_%28cropped%29.jpg/120px-Onions_at_Edgbaston%2C_2009_%281%29_%28cropped%29.jpg,
eng_ma_carberry,MA Carberry,England,https://upload.wikimedia.org/wikipedia/commons/thumb/9/92/Neil_McKenzie.jpg/120px-Neil_McKenzie.jpg,
ban_nayeem_hasan,Nayeem Hasan,Bangladesh,https://upload.wikimedia.org/wikipedia/commons/thumb/1/1b/Nayeem_Hasan_05.jpg/120px-Nayeem_Hasan_05.jpg,
wi_t_chanderpaul,T Chanderpaul,West Indies,https://upload.wikimedia.org/wikipedia/commons/thumb/0/03/Shivnarine_Chanderpaul.jpg/120px-Shivnarine_Chanderpaul.jpg,
ind_kr_sen,KR Sen,India,https://upload.wikimedia.org/wikipedia/commons/thumb/4/43/Syed_Mujtaba_Hussain_Kirmani.jpg/120px-Syed_Mujtaba_Hussain_Kirmani.jpg,
eng_sm_davies,SM Davies,England,https://upload.wikimedia.org/wikipedia/commons/thumb/9/92/Cobbler_HN1706.JPG/120px-Cobbler_HN1706.JPG,
pak_shahzaib_hasan,Shahzaib Hasan,Pakistan,https://upload.wikimedia.org/wikipedia/commons/thumb/1/1f/Shahzaib_hasan_100.jpg/120px-Shahzaib_hasan_100.jpg,
ind_parvez_rasool,Parvez Rasool,India,https://upload.wikimedia.org/wikipedia/commons/thumb/7/72/PR_20231223_195458.jpg/120px-PR_20231223_195458.jpg,
ban_abul_hasan,Abul Hasan,Bangladesh,https://upload.wikimedia.org/wikipedia/commons/thumb/7/73/Abul_Hasan.jpg/120px-Abul_Hasan.jpg,
eng_mw_parkinson,MW Parkinson,England,https://upload.wikimedia.org/wikipedia/commons/thumb/f/f1/Prime_Minister_Imran_Khan_Adresses_the_Forum_01.jpg/120px-Prime_Minister_Imran_Khan_Adresses_the_Forum_01.jpg,
nz_gh_worker,GH Worker,New Zealand,https://upload.wikimedia.org/wikipedia/commons/thumb/f/f7/Robert_Wadlow_postcard.jpg/120px-Robert_Wadlow_postcard.jpg,
sl_ma_aponso,MA Aponso,Sri Lanka,https://upload.wikimedia.org/wikipedia/commons/thumb/7/7a/Prince_of_Wales%27s_feathers_Badge.svg/120px-Prince_of_Wales%27s_feathers_Badge.svg.png,
ind_rs_gavaskar,RS Gavaskar,India,https://upload.wikimedia.org/wikipedia/commons/thumb/9/9b/Virat_Kohli_in_PMO_New_Delhi.jpg/120px-Virat_Kohli_in_PMO_New_Delhi.jpg,
eng_a_khan,A Khan,England,https://upload.wikimedia.org/wikipedia/commons/thumb/f/f1/Prime_Minister_Imran_Khan_Adresses_the_Forum_01.jpg/120px-Prime_Minister_Imran_Khan_Adresses_the_Forum_01.jpg,
ind_a_mukund,A Mukund,India,https://upload.wikimedia.org/wikipedia/commons/thumb/e/e7/Abhinav_Mukund.jpg/120px-Abhinav_Mukund.jpg,
pak_imran_khan,Imran Khan,Pakistan,https://upload.wikimedia.org/wikipedia/commons/thumb/f/f1/Prime_Minister_Imran_Khan_Adresses_the_Forum_01.jpg/120px-Prime_Minister_Imran_Khan_Adresses_the_Forum_01.jpg,
ban_jubair_hossain,Jubair Hossain,Bangladesh,https://upload.wikimedia.org/wikipedia/en/thumb/d/d3/Jubair_hossaiin.jpeg/120px-Jubair_hossaiin.jpeg,
eng_gp_thorpe,GP Thorpe,England,https://upload.wikimedia.org/wikipedia/commons/thumb/6/61/Graham_Thorpe.JPG/120px-Graham_Thorpe.JPG,
eng_rwt_key,RWT Key,England,https://upload.wikimedia.org/wikipedia/commons/thumb/7/71/Robert_Key_playing_cricket_8x12.jpg/120px-Robert_Key_playing_cricket_8x12.jpg,
aus_mg_neser,MG Neser,Australia,https://upload.wikimedia.org/wikipedia/commons/thumb/1/11/Municipal_Office_of_the_City_of_Matlosana_Local_Municipality.jpg/120px-Municipal_Office_of_the_City_of_Matlosana_Local_Municipality.jpg,
ban_aminul_islam,Aminul Islam,Bangladesh,https://upload.wikimedia.org/wikipedia/commons/thumb/3/3c/Aminul_Islam_Bulbul_in_2025.png/120px-Aminul_Islam_Bulbul_in_2025.png,
wi_ba_parchment,BA Parchment,West Indies,https://upload.wikimedia.org/wikipedia/commons/thumb/8/81/Coat_of_Arms_of_Warwick_School.svg/120px-Coat_of_Arms_of_Warwick_School.svg.png,
aus_jm_bird,JM Bird,Australia,https://upload.wikimedia.org/wikipedia/commons/thumb/1/1b/STEVE_SMITH_%2811705303043%29.jpg/120px-STEVE_SMITH_%2811705303043%29.jpg,
eng_jc_tongue,JC Tongue,England,https://upload.wikimedia.org/wikipedia/commons/thumb/a/ae/Women%27s_Hockey5s_Medallist_Ceremony_YOG18_14-10-2018_%28041%29_%28cropped%29.jpg/120px-Women%27s_Hockey5s_Medallist_Ceremony_YOG18_14-10-2018_%28041%29_%28cropped%29.jpg,
aus_sr_waugh,SR Waugh,Australia,https://upload.wikimedia.org/wikipedia/commons/thumb/d/db/Mark_Waugh_%283x4_cropped%29.jpg/120px-Mark_Waugh_%283x4_cropped%29.jpg,
pak_waqar_younis,Waqar Younis,Pakistan,https://upload.wikimedia.org/wikipedia/commons/thumb/9/96/Pakistan_Super_League_PSLt20_Cricket_-_Waqar_Yonus_%28cropped%29.png/120px-Pakistan_Super_League_PSLt20_Cricket_-_Waqar_Yonus_%28cropped%29.png,
pak_zaman_khan,Zaman Khan,Pakistan,https://upload.wikimedia.org/wikipedia/commons/thumb/4/43/JavedZamanWithImranKhan.jpg/120px-JavedZamanWithImranKhan.jpg,
eng_dr_briggs,DR Briggs,England,https://upload.wikimedia.org/wikipedia/commons/thumb/b/b9/Northern_Club_Crosby.jpg/120px-Northern_Club_Crosby.jpg,
sa_ra_herman,RA Herman,South Africa,https://upload.wikimedia.org/wikipedia/commons/thumb/e/e0/Widespread_Pain_Index_Areas.svg/120px-Widespread_Pain_Index_Areas.svg.png,
wi_sk_springer,SK Springer,West Indies,https://upload.wikimedia.org/wikipedia/commons/thumb/7/78/Shakib_Khan_in_2017.png/120px-Shakib_Khan_in_2017.png,
aus_br_dunk,BR Dunk,Australia,https://upload.wikimedia.org/wikipedia/commons/thumb/7/7d/25th_Laureus_World_Sports_Awards_-_Red_Carpet_-_Usain_Bolt_-_240422_190142_%28cropped%29.jpg/120px-25th_Laureus_World_Sports_Awards_-_Red_Carpet_-_Usain_Bolt_-_240422_190142_%28cropped%29.jpg,
eng_a_lyth,A Lyth,England,https://upload.wikimedia.org/wikipedia/commons/thumb/4/45/2_28_Adam_Lyth.jpg/120px-2_28_Adam_Lyth.jpg,
pak_mir_hamza,Mir Hamza,Pakistan,https://upload.wikimedia.org/wikipedia/commons/thumb/4/45/Khizer_Ahmed_and_teamate_Mir_Hamza_%28cropped%29.jpg/120px-Khizer_Ahmed_and_teamate_Mir_Hamza_%28cropped%29.jpg,
ban_al_sahariar,Al Sahariar,Bangladesh,https://upload.wikimedia.org/wikipedia/commons/thumb/c/c0/MD_Al_Sahariar_Rokon.jpg/120px-MD_Al_Sahariar_Rokon.jpg,
aus_t_murphy,T Murphy,Australia,https://upload.wikimedia.org/wikipedia/commons/thumb/d/dc/J._T._Murphy_1925.jpg/120px-J._T._Murphy_1925.jpg,
pak_saqlain_mushtaq,Saqlain Mushtaq,Pakistan,https://upload.wikimedia.org/wikipedia/commons/thumb/9/99/Saqlain_Mushtaq.jpg/120px-Saqlain_Mushtaq.jpg,
eng_tw_hartley,TW Hartley,England,https://upload.wikimedia.org/wikipedia/commons/thumb/c/c3/Alan_Duncan_Official.jpg/120px-Alan_Duncan_Official.jpg,
sl_pm_pushpakumara,PM Pushpakumara,Sri Lanka,https://upload.wikimedia.org/wikipedia/commons/thumb/2/22/Arjuna_Ranatunga.jpg/120px-Arjuna_Ranatunga.jpg,
sa_pr_adams,PR Adams,South Africa,https://upload.wikimedia.org/wikipedia/en/thumb/3/31/Haberdashers%27_Aske%27s_Boys%27_School_%28coat_of_arms%29.png/120px-Haberdashers%27_Aske%27s_Boys%27_School_%28coat_of_arms%29.png,
pak_wasim_akram,Wasim Akram,Pakistan,https://upload.wikimedia.org/wikipedia/commons/thumb/f/f4/Wasim-akram-gesf-2018-7878.jpg/120px-Wasim-akram-gesf-2018-7878.jpg,
nz_md_bell,MD Bell,New Zealand,https://upload.wikimedia.org/wikipedia/commons/thumb/a/a9/Matthew_Bell_Cricketer.png/120px-Matthew_Bell_Cricketer.png,
nz_ra_young,RA Young,New Zealand,https://upload.wikimedia.org/wikipedia/commons/thumb/1/1e/%D0%A4%D1%80%D1%8D%D0%BD%D1%81%D0%B8%D1%81_%D0%9A%D0%BE%D1%82%D1%81._%D0%9F%D0%BE%D1%80%D1%82%D1%80%D0%B5%D1%82.jpg/120px-%D0%A4%D1%80%D1%8D%D0%BD%D1%81%D0%B8%D1%81_%D0%9A%D0%BE%D1%82%D1%81._%D0%9F%D0%BE%D1%80%D1%82%D1%80%D0%B5%D1%82.jpg,
nz_bp_martin,BP Martin,New Zealand,https://upload.wikimedia.org/wikipedia/commons/thumb/e/e7/EdwardSutcliffeStudio.jpg/120px-EdwardSutcliffeStudio.jpg,
eng_ts_roland_jones,TS Roland-Jones,England,https://upload.wikimedia.org/wikipedia/commons/thumb/2/21/Marcus_Antonius_marble_bust_in_the_Vatican_Museums.jpg/120px-Marcus_Antonius_marble_bust_in_the_Vatican_Museums.jpg,
aus_s_konstas,S Konstas,Australia,https://upload.wikimedia.org/wikipedia/commons/thumb/1/1b/STEVE_SMITH_%2811705303043%29.jpg/120px-STEVE_SMITH_%2811705303043%29.jpg,
wi_pa_browne,PA Browne,West Indies,https://upload.wikimedia.org/wikipedia/commons/thumb/6/60/John_Borland_Thayer.jpg/120px-John_Borland_Thayer.jpg,
sa_vb_van_jaarsveld,VB van Jaarsveld,South Africa,https://upload.wikimedia.org/wikipedia/commons/thumb/7/71/Robert_Key_playing_cricket_8x12.jpg/120px-Robert_Key_playing_cricket_8x12.jpg,
nz_ts_nethula,TS Nethula,New Zealand,https://upload.wikimedia.org/wikipedia/commons/thumb/6/66/Plunket_Shield.jpg/120px-Plunket_Shield.jpg,
pak_abdul_samad,Abdul Samad,Pakistan,https://upload.wikimedia.org/wikipedia/commons/thumb/c/c0/Abdul_Samad.png/120px-Abdul_Samad.png,
nz_bj_jacobs,BJ Jacobs,New Zealand,https://upload.wikimedia.org/wikipedia/commons/thumb/7/70/BJ_Watling_as_non-striker%2C_Hamilton_test_2010_20100328_1.jpg/120px-BJ_Watling_as_non-striker%2C_Hamilton_test_2010_20100328_1.jpg,
